sma,buy,sell,score,avg_cagr,median_cagr,p25_cagr,win_rate_cagr_gt_30,avg_sharpe,avg_dd,worst_dd
175,0,2,0.43233620028198744,0.38488648418819116,0.40503593353082823,0.3271593972719169,0.85,0.9628644100713681,-0.48555626180287753,-0.5534817511508345
150,1,3,0.4209321486043988,0.37453540695728227,0.3882006590725804,0.3222590973557664,0.8,0.939158164419751,-0.49266673709951847,-0.5320982412840863
150,0,1,0.4185382398048131,0.3638067068334182,0.382604930608927,0.323034949123459,0.8,0.9267258719404546,-0.4812275028728593,-0.5479920444226354
150,0,0,0.41620125782661926,0.37027574277127345,0.38466054727556065,0.31791121592238425,0.78,0.9447647426916861,-0.47602603846068836,-0.5479920444226354
175,0,3,0.41436665197002914,0.37088543669197543,0.3853389874178266,0.3179195953428249,0.83,0.9393161507387329,-0.4897306382155844,-0.5479920444226354
175,1,3,0.40880676388405657,0.36290041205807283,0.3775923036614386,0.3160478641165605,0.81,0.9266880411773244,-0.4894520447160818,-0.5479920444226354
175,2,3,0.4078209600068019,0.36226586845863246,0.377316191745964,0.3129932733812544,0.79,0.9274667464929247,-0.48517080063804313,-0.5320982412840863
175,7,2,0.40779458142210556,0.3458558928661001,0.36341866916593735,0.31601952516636156,0.8,0.9337422681599334,-0.45795856354559805,-0.5516583177965697
100,7,7,0.4068746685235828,0.3527975077674111,0.3595841530264554,0.3156096425530477,0.8,0.9265916258985816,-0.4664707009510516,-0.5274027354648465
175,1,2,0.4046065956501584,0.3684970324981508,0.38851343180797104,0.30720424791041756,0.79,0.9354166529252071,-0.4884290098733507,-0.5479920444226354
175,2,2,0.3991048664425863,0.36692857901897497,0.39469004788545226,0.29886897310369287,0.74,0.9337669143536228,-0.4848269242677282,-0.5442774565717728
175,2,0,0.39581986229540816,0.34801494927571186,0.36493341293124204,0.3032950847661917,0.76,0.9190297926636621,-0.4626206356783552,-0.5320982412840864
125,0,4,0.39578558617041487,0.36507870795970837,0.3707462759271911,0.3165580679150892,0.78,0.9177994873983636,-0.5288965645976927,-0.6049004955933717
150,1,4,0.3946185897360961,0.3593431237907079,0.38082241697552344,0.30335044683969037,0.78,0.9114249065306603,-0.5028758158380531,-0.5458859766691387
125,1,4,0.39109611373149167,0.3600117551917382,0.3691824249578537,0.3068221486633984,0.76,0.9115664783678821,-0.5150050296336621,-0.5606459838054664
125,7,6,0.39004068444862683,0.3459711378495103,0.35291726879653007,0.29952056677022765,0.74,0.9191699832986278,-0.4580158636498086,-0.5157262142629948
175,0,0,0.38972494912345823,0.35212072268435596,0.37134386314876333,0.2999714902154067,0.74,0.9128592748443316,-0.4870535894941553,-0.5479920444226354
150,7,3,0.3894135142599864,0.33793862175288664,0.34822146370590756,0.2957399315787772,0.74,0.9153973425624465,-0.4317385534684477,-0.49627090604640467
150,3,2,0.38905577810186737,0.35535259578739903,0.37251886535372614,0.2981996376187359,0.73,0.9155329320995358,-0.4963189402518916,-0.5320982412840864
175,8,2,0.3877442595186586,0.3300666929997654,0.3465078778493451,0.29947511122136916,0.73,0.9080424183134959,-0.4453977811971476,-0.522042686714033
175,0,1,0.3862215549832138,0.3576322033454039,0.37193220228097634,0.2966064616763211,0.72,0.9180694550237547,-0.49339607875904884,-0.5479920444226354
125,1,3,0.38592848888516285,0.35417616527761836,0.3774339058640319,0.29550863601252075,0.73,0.9034974974529423,-0.5013492768773101,-0.5379990075072725
100,7,8,0.38575046048189343,0.343110922187205,0.3454578585638557,0.30123811609733653,0.75,0.9082352986866686,-0.46930380384367837,-0.5274027354648467
175,7,3,0.38570887905661955,0.3349697774214999,0.35410263532200803,0.2998782859754143,0.74,0.9108999378592952,-0.4650957710882018,-0.5516583177965697
200,4,0,0.3849423823527294,0.3357283761756157,0.35948311694411705,0.2951746423409338,0.71,0.9064289476447168,-0.46129868834845117,-0.5320982412840864
125,2,5,0.3845539303957365,0.3499435110840321,0.3581192844866514,0.311649615627988,0.77,0.8909054626691767,-0.544925818338228,-0.5831877361552623
150,1,2,0.3843205042244743,0.35015478940064954,0.37298067039649685,0.29425951019746033,0.73,0.9028626884190523,-0.49584526297396275,-0.5320982412840864
150,4,3,0.38386204119023687,0.35887951397743384,0.3821148860305643,0.2878692318514533,0.73,0.9209129240446526,-0.48003200151741887,-0.5381659451339587
175,1,0,0.3837586299510241,0.34328794368700594,0.3594875553500019,0.2979018771076849,0.74,0.9023658711556234,-0.4779496398278976,-0.5479920444226354
175,7,1,0.3803051251604821,0.33173052479897325,0.3451764356826885,0.29629853327411526,0.72,0.9151452963778546,-0.45709127110954656,-0.5516583177965697
150,4,2,0.37969963705874216,0.35064642838230603,0.3716766976416661,0.2878692318514533,0.71,0.9143222888112471,-0.4849366495315453,-0.5320982412840863
125,7,5,0.3792138360894479,0.33325540525660946,0.3497911892605756,0.29024896929869204,0.69,0.9045727722408955,-0.45212708169514754,-0.5157262142629948
125,5,5,0.3787720859097953,0.3404091277806161,0.3451165480916203,0.29778417418598435,0.74,0.8900449589693357,-0.49001840128666385,-0.5220426867140329
150,1,1,0.37870515971676216,0.3443430455205457,0.36075220852591117,0.29199317542192005,0.73,0.8935480799320195,-0.48187759129483126,-0.5320982412840864
150,8,3,0.37842414829112986,0.33361267135738726,0.348149722728335,0.2874249879506381,0.71,0.9187588599843916,-0.4398444165573106,-0.5157262142629947
125,2,4,0.37838280679317804,0.3503203545797308,0.3557875789151015,0.3020463165638978,0.75,0.8942777582698617,-0.5245315579590477,-0.5678759609750852
175,3,2,0.37782967793688543,0.34931872158352617,0.37442665812216425,0.2871979395355111,0.72,0.9029880131640546,-0.4953900738841574,-0.5320982412840864
175,3,3,0.3771232562632828,0.3425232580942847,0.3577349524388673,0.2930964926672748,0.73,0.8920634484578015,-0.49446434588175836,-0.5320982412840864
100,1,7,0.3765837976193567,0.3602048084422645,0.3575479853042025,0.31258902450502424,0.76,0.8961604318258061,-0.575696107416912,-0.637563233981735
150,2,3,0.3764558784618227,0.3510339555807171,0.36638902464774525,0.2914870823524003,0.72,0.8983655754875882,-0.5002155361291225,-0.5511074422080073
100,2,7,0.375093551584333,0.3558732641828706,0.3484142969541557,0.31298206382008487,0.76,0.8919718787158611,-0.576899895558947,-0.6196327899990154
125,1,5,0.3750469705720456,0.35400006445509624,0.3561828993067042,0.3073354625071436,0.76,0.8992928764514372,-0.5470044928498249,-0.6325539766658039
150,7,2,0.37491489611628515,0.3213585487380863,0.3403998541890514,0.28600806742524165,0.71,0.8940281888326951,-0.4344023731424966,-0.4962709060464048
150,0,3,0.374630036580808,0.3477931308728301,0.35664410721119544,0.29566980819925903,0.73,0.8925657387930822,-0.5085145350129623,-0.5624872404426049
150,3,1,0.37412091388496227,0.348510359156278,0.3686170355622034,0.28428092555825435,0.71,0.9023996890979966,-0.48465104266245257,-0.5320982412840864
125,8,6,0.37392617599941524,0.3363139245799461,0.34389278424637126,0.2890217259675516,0.67,0.9116696559253407,-0.4637610281825742,-0.5274027354648465
125,1,6,0.3729057958231451,0.355151189230365,0.3610723550804318,0.3081902784775423,0.75,0.8972869539311259,-0.5721565752559133,-0.6478397421632879
100,1,4,0.3703888228535522,0.35914925060083647,0.37495370299133035,0.28753662292491855,0.71,0.9062279283601439,-0.5120080178500663,-0.5943886824513556
125,7,4,0.3690345730022044,0.31624326010507475,0.3225600166088436,0.2912406147097739,0.68,0.8780476419400199,-0.4481103120797236,-0.5157262142629948
150,7,4,0.3669639400609229,0.3271368677278746,0.34141604685413207,0.27843915020725296,0.71,0.8937935368401543,-0.4403934907320675,-0.49627090604640467
100,0,4,0.3661629857688755,0.35523627510139677,0.36596336449931277,0.29375659173618884,0.73,0.8987107800222662,-0.5389810871582804,-0.6289991548486042
150,0,2,0.3660422565038053,0.3415705469245762,0.35389039840124803,0.28704951300443304,0.71,0.8854070315716733,-0.5045301242668276,-0.5515784355477913
175,8,3,0.3656557879139121,0.3193127308536995,0.3413891394452673,0.2819497889018139,0.66,0.8854204574020389,-0.45341306428754274,-0.522042686714033
125,5,4,0.36492448582321924,0.328373745165969,0.34307856414810156,0.28443779098981836,0.69,0.8730090623812572,-0.476893824479433,-0.5220426867140329
125,8,5,0.36429158946708556,0.3254915348411883,0.34356480673129064,0.2798486558801132,0.65,0.8975759326116044,-0.45725458192852564,-0.5274027354648465
200,5,0,0.36325622959078957,0.3218566160672619,0.34333685299580585,0.28071892880055205,0.65,0.8838043652188127,-0.4593760237282577,-0.5320982412840863
100,2,6,0.3630802221718149,0.34046756124313027,0.3522811253403575,0.29524597413051734,0.73,0.8741547283017321,-0.5445787528968175,-0.6004707374434803
150,6,3,0.36295882593288464,0.3249536051412184,0.3336178061593009,0.2847425512981532,0.67,0.8759657293832024,-0.4701912266689727,-0.5220426867140329
200,1,0,0.3629395816607653,0.3313921252397877,0.34623507483742233,0.2844446841046193,0.69,0.8815103433633026,-0.486741680531271,-0.5479920444226354
150,1,0,0.36249767643591474,0.33894106167580795,0.36031439414626343,0.27603281662397894,0.68,0.8887226549354641,-0.47944305338070775,-0.5320982412840862
100,1,8,0.3620110727325062,0.3472556539439971,0.34258714247003064,0.3068988468485081,0.75,0.8703995417083012,-0.5927402856340663,-0.6329640304108877
125,2,6,0.3617532878852844,0.35455912593468747,0.3488268003942745,0.29959960559728094,0.74,0.8946804177226778,-0.5687287421323355,-0.632626822119266
225,4,0,0.3615549667390535,0.3214864622627035,0.34206034008400876,0.2792406410768671,0.67,0.884789736526547,-0.4581679013410981,-0.5320982412840863
125,0,3,0.36153420344370346,0.34345256034358757,0.3587991471818861,0.28376408708304957,0.72,0.8846391683981228,-0.5084539898297475,-0.5756623984528633
150,8,2,0.3612368524502333,0.3121188928446732,0.3288018236766901,0.27909760487403834,0.67,0.8894517128483086,-0.4377075526017646,-0.5157262142629948
125,0,5,0.36102735566721045,0.35262706477160277,0.35648746870471193,0.30075018363123807,0.75,0.8944549784117942,-0.5661554058385534,-0.6811119158299392
200,2,0,0.36013516254755346,0.32362663499019084,0.3410672545025746,0.2895805933427047,0.68,0.8788410911999434,-0.49910480209502894,-0.5923368091564427
175,4,1,0.35952731001681887,0.3388401934155201,0.3552965163956854,0.27553360362562884,0.7,0.8956125328135306,-0.4899937736997807,-0.5320982412840863
150,8,4,0.3589857778644382,0.323804864738277,0.34363543016428744,0.27197333214869457,0.65,0.8993339074954193,-0.4469503834590918,-0.5157262142629947
125,5,6,0.3589480492524821,0.3463262815384859,0.34605996057392874,0.2852360258724882,0.7,0.8933332215212708,-0.5163000371531663,-0.5691961608420291
225,5,0,0.35879852465298734,0.32593888876408733,0.339499725090866,0.27619406149430703,0.69,0.8940984045349655,-0.45448740714592817,-0.5320982412840862
175,3,0,0.3585695482919941,0.3296891194585904,0.3525939642362732,0.2751903418635435,0.65,0.8853407721896781,-0.4803843225084216,-0.5320982412840863
150,6,2,0.3584037294300695,0.31274846301920955,0.3299790609144686,0.28298990535610047,0.65,0.8617648043053567,-0.4734646909926687,-0.5220426867140329
150,3,3,0.3571262241686444,0.3498212073073739,0.3605731917333286,0.27453141885900134,0.68,0.892592014127043,-0.506359183834274,-0.5425007086707245
100,1,6,0.35610621761278566,0.34850364925639654,0.3599834864799152,0.288707814806175,0.73,0.8838331045175893,-0.5462178535382777,-0.637563233981735
150,5,3,0.35597623015907703,0.33698388806358176,0.35666601244088736,0.27520625881710425,0.69,0.8860425937174812,-0.4931059144176862,-0.557738307796139
175,5,2,0.3558464637315261,0.33156333428125195,0.346668076129095,0.277189352650826,0.7,0.8809125330292693,-0.48492635819932894,-0.5495855522290523
175,4,3,0.35541367965321974,0.3313085611240096,0.3419725978774586,0.27886562729750586,0.66,0.8723612442222597,-0.4976786025897396,-0.5320982412840862
175,1,1,0.35493488678775953,0.33912227800120354,0.3526720001142911,0.27506543261625116,0.69,0.8848162204665738,-0.4962653255296318,-0.5479920444226354
175,5,3,0.35478427116774924,0.3260905896746575,0.33940081781124243,0.277189352650826,0.68,0.8734413231006958,-0.4821737453054887,-0.5320982412840863
125,3,5,0.3547377981632899,0.3308272159531379,0.3439600853228353,0.29167868542092235,0.71,0.8608822563755508,-0.5597764001681547,-0.5902432961049032
175,4,2,0.35411947434337,0.3378298994252196,0.35966390770434153,0.2707118674983595,0.67,0.8824555127868058,-0.49884481455037405,-0.5320982412840862
125,6,5,0.3540991066323077,0.31906996048600994,0.32095673408008185,0.2795757160227086,0.64,0.8586313775351436,-0.47214095971290027,-0.49845061355692966
225,3,0,0.353369717950299,0.31571136669446487,0.3228544237487152,0.2841006523496028,0.63,0.8638497127875777,-0.4836562941008066,-0.5479920444226354
175,2,1,0.35298576630198014,0.33802908235045837,0.3546033661339214,0.27052446508833494,0.7,0.8863767258275828,-0.4945849239252105,-0.5320982412840864
100,1,5,0.3528163188170982,0.3463876357571042,0.36361132200856106,0.279336291923997,0.72,0.8794898512744197,-0.5263621531329896,-0.6097966553588996
175,8,1,0.3523423300527299,0.3160981585566504,0.3356231888631156,0.2693484788948961,0.64,0.8890289425284855,-0.4449359306261016,-0.5220426867140328
150,4,4,0.3521398981795828,0.34396567844452103,0.3680221127006609,0.26839347906472044,0.71,0.8917465185058702,-0.49114189173242223,-0.5746401480294789
125,8,4,0.3517929934940855,0.3065149184604655,0.31501141994385606,0.27928979871525095,0.6,0.86741626758404,-0.45336525051461346,-0.5274027354648465
125,4,6,0.3517414357730425,0.3364378433372546,0.3406476906450415,0.2879737822725874,0.69,0.8748942811564413,-0.5453496399330702,-0.6000862392585632
200,1,1,0.3516367217287906,0.330321954761959,0.3441330922815262,0.2752926714931412,0.68,0.8733324005138725,-0.4930826638477578,-0.5479920444226355
125,2,3,0.35123707655303843,0.33785523170268583,0.3489358425085345,0.2778401687619314,0.69,0.8725021379127946,-0.5216059096958091,-0.5593809895640655
175,1,6,0.35092265588177896,0.34255145278104193,0.3489468052370803,0.2884814811313765,0.69,0.8791898239623309,-0.566152594435774,-0.6208708166726928
225,6,0,0.3501920511805993,0.31069528504166627,0.3295676424638141,0.273448681827418,0.63,0.8695171076026614,-0.45797374990798256,-0.5320982412840864
125,6,4,0.3499224027233856,0.311576122965062,0.3193059792258839,0.27476489192454734,0.64,0.8523946951259922,-0.45970055779716673,-0.4962709060464048
175,6,3,0.34926144745840304,0.3180012130410781,0.32662571825349174,0.2780789170308604,0.63,0.862088726070211,-0.483775196916413,-0.5405054541682675
175,6,2,0.34876152892688694,0.3232535920827923,0.3331586536194846,0.27486539524588993,0.63,0.8692508707182585,-0.4849909943871381,-0.5405054541682675
125,8,3,0.347576167684897,0.30341391184670696,0.32505178480096086,0.2707147739833684,0.64,0.8745588508512491,-0.4510930458368574,-0.5274027354648467
125,3,6,0.3473767500256345,0.3403488956602308,0.34117809612517314,0.29167868542092235,0.7,0.8736530623023411,-0.581016362312628,-0.6388455054577036
150,4,1,0.3473609457297642,0.3378446024490198,0.35816271381537934,0.2616385046288501,0.66,0.8877900221729804,-0.4787323864991532,-0.5320982412840864
100,7,6,0.3461808981337292,0.30876783622126097,0.32068365521427733,0.27313680147475683,0.65,0.8591735904415194,-0.45990663629051326,-0.5274027354648465
200,4,1,0.3457381221312198,0.31979194722885423,0.33617627183139964,0.2693612063459523,0.64,0.8678632666277413,-0.4792001379794423,-0.5320982412840862
150,2,4,0.34545072550439315,0.3361514469345942,0.35311341563338705,0.27219259859748957,0.68,0.8704006202560325,-0.5108971796124527,-0.5865595663177017
175,0,4,0.34470786416221383,0.33602915301428693,0.34653076508416514,0.2805862784638653,0.7,0.8745710686166585,-0.542023215859772,-0.6208708166726928
200,4,2,0.34423516689009487,0.31895330499622326,0.3308425500122638,0.26962406684384677,0.64,0.8664614918041498,-0.47742406394972975,-0.5320982412840864
100,2,5,0.344109673306532,0.3341935707224048,0.3459477589918243,0.2722717772880321,0.7,0.8624131318398122,-0.5296142449052279,-0.5468316078719615
175,5,1,0.34286262683686275,0.32361855311019794,0.3382608851216513,0.2655206660803655,0.66,0.8735334749630036,-0.48101835753926986,-0.5320982412840863
200,8,0,0.34252106147636474,0.30649863476284134,0.3181993507470684,0.2659517095148938,0.59,0.8786066551022538,-0.44070570447316626,-0.5220426867140329
150,6,4,0.3423511995523204,0.3118916914020665,0.3169380572438596,0.2730679496543853,0.58,0.8495837352115305,-0.47839583569112404,-0.5220426867140329
125,3,4,0.3422266994757747,0.32819810113361597,0.3397956160730766,0.2748800559557951,0.68,0.8584928270176371,-0.532513214639,-0.5635966251032813
250,5,0,0.34132229990166224,0.31175089298862974,0.33710162333906957,0.2624827355631312,0.62,0.8703603348090792,-0.463041720720508,-0.5320982412840862
100,8,7,0.34056254247185874,0.3104111344015958,0.3118609727122168,0.2649089915240723,0.61,0.8605771358640425,-0.4418470176028933,-0.49322318258265674
175,3,1,0.34055687240215105,0.33249279313351804,0.34598706973711946,0.26823416735740735,0.66,0.8765747545050658,-0.5154031987438294,-0.5705036587439383
225,5,1,0.3395647866469686,0.3093017129059817,0.31788152430278327,0.26906435468815815,0.57,0.8585825987316449,-0.46862404431072213,-0.5320982412840862
200,1,3,0.33951570883669485,0.32711452106846034,0.34012200556627503,0.27797231947901,0.69,0.8633114222950516,-0.5373095392237192,-0.6208708166726928
125,4,4,0.3391453494678919,0.3230059137036382,0.33730247448777484,0.26985477448203565,0.68,0.8584071835574214,-0.5076055554058297,-0.5652519912075906
125,6,6,0.33879099396700246,0.32682459392751495,0.3305967068367941,0.27022442587233764,0.64,0.8648616516477291,-0.5044762872958128,-0.557940569545338
200,0,0,0.3381169150838416,0.3130861030913753,0.32455742601173276,0.27281528670031285,0.58,0.8462956809041237,-0.5050354234107514,-0.5539287438361744
100,3,7,0.3379211040482638,0.337496929576384,0.3348573992363888,0.28801193784563983,0.69,0.8606710531183925,-0.5971020704314687,-0.6449235932780728
200,3,0,0.3376048291932282,0.31479855481709257,0.3309136230291989,0.2644043354538932,0.64,0.856971640579628,-0.48305984532371854,-0.5320982412840862
175,4,0,0.3374758673478818,0.3144653576845969,0.32533735611586057,0.2649374181588531,0.61,0.8611650921104496,-0.47510840576624835,-0.5320982412840863
200,5,2,0.3372012422758276,0.307480427773022,0.319870436010939,0.2675792128192367,0.64,0.8492213255894824,-0.4755042088832307,-0.5320982412840864
175,0,6,0.33718036808960317,0.33375918029309404,0.3476198159548416,0.27722574628395913,0.67,0.8630917781977325,-0.572271453059165,-0.6208708166726928
150,3,4,0.33643169498888037,0.33485235578692973,0.3466198920275363,0.2634079291609497,0.66,0.8641418493021399,-0.5173930406705864,-0.5533737944540786
100,2,4,0.33633856256291655,0.33681075078288075,0.3485770161065982,0.2624382055673762,0.67,0.8701079521426515,-0.5192686322422401,-0.5539799894411228
175,6,1,0.3358766617966751,0.31399987814653707,0.329491630137158,0.26402510464855844,0.61,0.8582866177267412,-0.4840241450100102,-0.5405054541682677
100,2,8,0.33444160784104526,0.33595604122458134,0.3297751231264787,0.28701386150063257,0.66,0.8538020357320457,-0.6002299751548551,-0.6427011259383588
175,1,7,0.33442338523034965,0.330793013870813,0.33773129735863927,0.2781391156627324,0.66,0.8583502832656342,-0.5708552125157333,-0.6208708166726928
175,1,4,0.3343511924455443,0.32846241357222133,0.3398136985377902,0.2735854947317873,0.69,0.8619171479807355,-0.5419615578804929,-0.6208708166726928
150,1,5,0.33401904443863517,0.33384522254804216,0.33574414535053343,0.2820590189194512,0.65,0.8675322387431385,-0.5761750441112791,-0.6581199915960028
200,6,0,0.3338159103017154,0.3040844953613739,0.3252274806413531,0.26085089065609224,0.58,0.8512384279906174,-0.464615405747426,-0.5320982412840864
200,5,1,0.33367182337376255,0.3067650987108551,0.32622125498873356,0.26213491289710555,0.62,0.8468498021858004,-0.47648907346545954,-0.5320982412840864
150,2,2,0.33243057979902996,0.32079499049436355,0.3441016600719311,0.25903896346296107,0.64,0.8499603216629995,-0.5067708997644729,-0.5422828245041018
125,4,5,0.33216994351372797,0.3257647237031707,0.3373754946723395,0.2695087454078853,0.69,0.8608150665489964,-0.5356400535628301,-0.6000862392585629
125,0,6,0.33173742357809644,0.34233232722950274,0.3371770270289003,0.28679244742506826,0.69,0.8746432780698647,-0.5952219330359344,-0.7161181358836397
150,5,2,0.3310647118338501,0.3248774261299017,0.35292798937907377,0.2524652237075906,0.68,0.8719689151441804,-0.49597491323578174,-0.5516583177965697
100,3,6,0.33083120124344756,0.31732274079430417,0.3373798881315382,0.27375773272992965,0.62,0.835225855475126,-0.5648373918848546,-0.60047073744348
125,5,3,0.3295929436784536,0.3195362864826864,0.34079294205596944,0.25680967482775907,0.66,0.8563260569203222,-0.4983559510268055,-0.5519763129930388
150,2,0,0.3287742314949199,0.3190739242068432,0.34028896446211854,0.25016967498553755,0.61,0.8570312137376093,-0.4654104501913266,-0.5320982412840863
150,2,1,0.32870078236261935,0.31638940812024774,0.3392536317923973,0.2550443666720088,0.63,0.8420084815548775,-0.4936100819392507,-0.5320982412840864
250,4,0,0.3269749927617816,0.3089196633132452,0.32919242967961293,0.2610579345218833,0.62,0.8660174928495933,-0.4945667555024115,-0.5923368091564427
225,4,1,0.3256576382527708,0.29973486195271226,0.3189983907772447,0.257044933958422,0.56,0.8391930239712585,-0.47468625222482463,-0.5320982412840864
225,6,1,0.3256329224415849,0.2950177308013672,0.30559180947535225,0.26161253282752495,0.52,0.8356725478800193,-0.4715060283692187,-0.5320982412840862
100,8,8,0.32443654882544065,0.30099850888646684,0.298783748873952,0.25518503712738716,0.48,0.8419835718480929,-0.44465973247842866,-0.49322318258265674
200,1,5,0.32367407317070035,0.3261459781839415,0.3421838170493223,0.27111807459007586,0.65,0.8514239864444135,-0.571551694971631,-0.667360529055957
200,1,6,0.3229853677388532,0.32211239656687146,0.33003073402348315,0.27111807459007586,0.65,0.8464535805098669,-0.5690615606156567,-0.6307236292635234
125,7,3,0.3226399537753271,0.29597257386679704,0.315008638694803,0.2565929961443336,0.58,0.8363715756236297,-0.4770580397841577,-0.5386882718797901
225,7,0,0.3217375795601063,0.29408576086156246,0.3105238351193502,0.2546028965319125,0.52,0.8370013660820196,-0.46082453684776437,-0.5320982412840864
125,0,2,0.31988534357803516,0.3199671653144928,0.34334396505440634,0.25269008803613735,0.66,0.8328755931235231,-0.5117820722182337,-0.5819133101083821
150,5,4,0.31824402674870567,0.3224022892372123,0.3394531893581514,0.2505923662032401,0.66,0.8564944694053497,-0.5034153215432965,-0.5926667469711986
250,6,0,0.31785815988527305,0.2973769210255071,0.32301446849035753,0.24623658394848413,0.57,0.8481393973420512,-0.46729013078159765,-0.5320982412840863
150,1,6,0.31762070035583884,0.3313168864790847,0.3247934464075166,0.27176011842118797,0.62,0.8607542282276632,-0.5905455283882728,-0.6581199915960028
125,6,3,0.3168012515857922,0.2993373095539523,0.3209569293205614,0.24586557639810191,0.56,0.826709203217192,-0.48030763938057414,-0.49899069606212676
150,8,1,0.31589411478206875,0.2853616979891342,0.29573928899214685,0.25021341304932454,0.49,0.8322926082291678,-0.4403236387211758,-0.5157262142629947
175,0,7,0.3155580775234497,0.32001625357623353,0.33016444663117506,0.2670566476218623,0.57,0.8382732157242601,-0.58007881874531,-0.6450852542782743
125,1,2,0.31550668542237964,0.31966607536405933,0.35051391216456285,0.24302081887921823,0.58,0.8293000805926196,-0.5140573004005228,-0.548511331137824
200,0,1,0.31471784280041354,0.30119673960636567,0.31150106700195423,0.25711249188117513,0.57,0.8204611526619701,-0.5144564651494463,-0.553221389264696
200,8,1,0.3145025648332574,0.28823613389888647,0.301490454583037,0.25243249236225473,0.51,0.8402519242101476,-0.46001734412548523,-0.5546965927481389
175,2,6,0.3133207155508616,0.31953336661346843,0.32644754862445025,0.26844503683619503,0.62,0.8440208909130607,-0.5924219618111298,-0.6581199915960028
100,0,5,0.3128935091662116,0.33200398589893715,0.3326006449298671,0.26855788567378647,0.68,0.8551892424713359,-0.5814784697670994,-0.7071232525868327
250,5,1,0.3114845351458931,0.3001051725917589,0.3245149880332987,0.23985948453855643,0.56,0.8456878559319044,-0.4700033295871799,-0.5320982412840864
125,7,7,0.31058277037925697,0.31037078585782685,0.30806734993051843,0.26286042517890595,0.55,0.8527316421662231,-0.5308667349613647,-0.6461575045326453
175,5,0,0.30952943685465306,0.2924926235360113,0.31385363365644126,0.24314393335570395,0.54,0.8230752093671996,-0.4674955075147719,-0.5320982412840864
150,3,6,0.30934015823195843,0.3240466940268395,0.32905524669044617,0.26421629529579493,0.6,0.8457732017465172,-0.5991277532134478,-0.6581199915960028
200,2,1,0.3091762878860065,0.304944834035009,0.3144777739700273,0.254205250400676,0.61,0.8341051050997444,-0.5215909241376191,-0.5923368091564429
225,3,1,0.30887158921710395,0.2875062036840382,0.2997362712984004,0.2552954312331823,0.49,0.803655563423861,-0.5068731466846992,-0.5479920444226354
200,6,2,0.30842844871849023,0.2896760970507585,0.297480029083975,0.24975830732763993,0.49,0.815818892108649,-0.47919630024020177,-0.5320982412840862
100,4,7,0.3084026979220273,0.31950026652460034,0.31548582422387716,0.2688386425328686,0.58,0.8358940643710998,-0.6052841320762596,-0.6509341238973515
200,1,8,0.3082906705816044,0.3138053688902578,0.3274520000749064,0.26197092311249004,0.6,0.8208969590535977,-0.5665682883227113,-0.6597201468266534
175,2,4,0.3080973076060259,0.3164418575873132,0.3265405265098762,0.26025156990405773,0.67,0.8433133271213731,-0.5674709465549842,-0.6581199915960028
150,3,0,0.3078183140211649,0.30756894104448607,0.32836383164703054,0.23485791050553684,0.58,0.8405242182612332,-0.46665875744435587,-0.5320982412840864
200,4,3,0.30760983436774875,0.3038813819738672,0.3238479062261552,0.2587636325124021,0.59,0.8366603973154331,-0.5468449829120167,-0.6581199915960029
125,4,3,0.3065615152517977,0.32058403402347224,0.3497303011924915,0.23923425499214113,0.64,0.8540934008960973,-0.5161877902861254,-0.6146328239506815
150,2,5,0.3062496471513783,0.3183666286463653,0.31968540760807374,0.26279522259273524,0.59,0.8418308035579901,-0.5830827769101801,-0.6581199915960028
100,0,6,0.3060799925482471,0.3281469447643764,0.3152791367217367,0.2751485768791684,0.57,0.8502620255652182,-0.6015344705777168,-0.7525310775942056
100,7,5,0.3059031467749068,0.29693880340791945,0.31571667979630713,0.24312374800519465,0.58,0.8301493644612741,-0.4895681369846737,-0.553852118777364
200,3,1,0.3057776409886578,0.30694158578480146,0.31697360948891706,0.24708382002113027,0.56,0.8309853220978155,-0.5157189630346966,-0.5683949255725508
200,5,3,0.30575125115651947,0.29591702884796933,0.31511344013185383,0.2605665769256549,0.59,0.825559608761822,-0.544481661305248,-0.6581199915960028
175,7,4,0.30560818619601676,0.30044384491400594,0.3138230106124218,0.2597896336556311,0.58,0.845987567160938,-0.5371443222871333,-0.6724118787238107
200,6,1,0.3052552574461301,0.28936534129337327,0.30324619576644785,0.24491630127497288,0.53,0.8147107740786339,-0.48136875120818057,-0.5320982412840862
200,8,2,0.3045215870666092,0.2851634459016733,0.29525806293097046,0.24583153719033102,0.49,0.8316698034913433,-0.46428497628379156,-0.5546965927481389
150,4,6,0.30420093898011075,0.3175152457799478,0.3200955824479794,0.2601514788580339,0.56,0.8409832819524644,-0.5787554760942737,-0.6581199915960028
225,8,0,0.30405289677361536,0.2875498536407671,0.3058936792156335,0.2406441626161624,0.54,0.83630971926748,-0.46160832774800126,-0.5516583177965697
225,1,1,0.30381668296289566,0.2955205349834723,0.3109434828036681,0.2508237028598219,0.54,0.8131175674783054,-0.5166970593760055,-0.5888299715135392
100,0,7,0.30267340060454734,0.33431575048631684,0.3333274730907465,0.2705065120769605,0.62,0.8543179225263695,-0.6297362509604405,-0.7727481074103113
250,7,0,0.3026055691042146,0.28572403539140473,0.3068098108231283,0.2387397059792713,0.52,0.8249353664414038,-0.4691881320837939,-0.5320982412840863
150,2,6,0.3021477601739073,0.3207419575454079,0.3112384286187764,0.26324876325408963,0.57,0.8428974089133311,-0.5971187220851686,-0.6581199915960028
125,3,3,0.3020303434061818,0.30229066331163235,0.3255371963936775,0.24688966987603567,0.55,0.8091129884737193,-0.5335307829842334,-0.5950269032743056
225,7,1,0.301198151133527,0.2786503989801178,0.2906361058546363,0.2452941665945889,0.44,0.8030911782073399,-0.47380102198636015,-0.5320982412840864
250,6,1,0.3009146348133388,0.28639340689750087,0.3092894314767074,0.23663363430540119,0.53,0.82426058271138,-0.4725110249784312,-0.5320982412840862
200,2,5,0.3009041798981446,0.30695015528874736,0.3182555397065565,0.26002431402834447,0.57,0.8247587884851962,-0.5889856412225839,-0.6581199915960028
125,1,1,0.3006584183994725,0.2904563987253976,0.30664110825544766,0.24312825838527652,0.54,0.7970055628346085,-0.4970760839720928,-0.5390554282532829
200,3,2,0.3002699973169296,0.3033543020874092,0.3144777739700273,0.24442945575710406,0.54,0.823098993829652,-0.5193736074055023,-0.5774976594739591
200,0,3,0.3002142687828211,0.29805808875932277,0.3102404975175914,0.25530149388622503,0.54,0.8099488012302402,-0.5531685138809244,-0.620870816672693
200,2,6,0.30000860567921533,0.30359855921117157,0.31730933098724967,0.26007122440641406,0.55,0.8201870424675407,-0.5910320734211586,-0.6581199915960028
150,3,5,0.2995630352279056,0.31881770735496207,0.3259532879440872,0.25409285359458855,0.63,0.8396579063812311,-0.5831175208167636,-0.6581199915960028
175,1,8,0.2992607842002125,0.314110205570911,0.31733158241429194,0.2552276793934065,0.61,0.8210725775334149,-0.582628404900515,-0.6280334665280765
200,1,7,0.29894262963712204,0.31276425340569175,0.3210138831690832,0.25585085831715415,0.62,0.8252677100002996,-0.5776040825547488,-0.6597201468266534
150,7,6,0.29833448714931765,0.30259089443439907,0.3050075459950128,0.2503776372918818,0.52,0.8397659994626478,-0.5231904532657891,-0.631942168059357
200,2,3,0.29807654156892954,0.29860803124926677,0.3083379554929788,0.25715789280978596,0.57,0.8185777158580417,-0.5556154481036838,-0.6581199915960028
100,3,8,0.29752310252833525,0.31791348840536965,0.3135736485612375,0.2641765411183392,0.56,0.8229451860535225,-0.6200767486089245,-0.6783062063764791
100,4,6,0.29621195101897335,0.29859518635930943,0.3129402792018825,0.2535708778543513,0.53,0.8087865849264044,-0.5751327733687168,-0.6257501854590317
125,8,7,0.29611541214901854,0.3010416528358116,0.29759983717362437,0.25400462923670797,0.48,0.8451174240481717,-0.5349136634211074,-0.6546891441177881
100,3,5,0.29468894712745175,0.30855564771575483,0.3220995610521631,0.24173761734515775,0.59,0.8170497867216853,-0.5569060492347642,-0.5831877361552624
175,2,5,0.29446442735280187,0.30621764550604735,0.3254810540901074,0.2523598961844178,0.63,0.8196531055457321,-0.5964507253934318,-0.6581199915960028
150,7,5,0.29438640836602314,0.2908839700136151,0.2975160070602474,0.24959539481247495,0.48,0.8243148572147984,-0.5174213390732214,-0.631942168059357
225,0,1,0.294356298222949,0.2902633682677369,0.30463959207666,0.24101563159000916,0.52,0.8034430240020808,-0.5132794949101875,-0.5596509312483504
175,2,7,0.29396075754308,0.30800191796781307,0.3146567921863883,0.2554250025547562,0.56,0.8231761019727205,-0.5969684272927455,-0.6581199915960028
200,7,0,0.2938610184961028,0.280697457025999,0.30108754880592015,0.23746995800375514,0.51,0.8047968688561993,-0.48506249432136117,-0.5516583177965697
225,1,0,0.29365283583508917,0.29324759383427274,0.3072313078044895,0.24316690049977518,0.54,0.8137207428032869,-0.5153762507934316,-0.6029753172530845
175,0,5,0.2931434679016154,0.30736106350724923,0.32030249561109647,0.24927735029638987,0.58,0.8177671147878861,-0.5757824732745429,-0.6456722824874397
150,5,1,0.2929939510737819,0.3053469218679629,0.32345115983099837,0.22761724224090862,0.55,0.8295631999990982,-0.49192017773539154,-0.5516583177965697
225,8,1,0.2923888905570904,0.28125079705140865,0.30116492024732544,0.23521062386268965,0.5,0.8242741088043668,-0.47379993121453906,-0.5731539235076782
225,2,0,0.292290026533542,0.2886644474945124,0.30579037151126665,0.24036912592229087,0.54,0.8125058192738694,-0.5037430066783625,-0.5965703415819816
200,0,8,0.29065544783645864,0.3074996432284406,0.32201165076720617,0.24528630904539384,0.59,0.8093271839183036,-0.5707854783109615,-0.6358685629360622
150,0,5,0.2904008943887788,0.3058271603362199,0.3187596638239283,0.24837208185559656,0.53,0.8168933920430308,-0.5762024014774544,-0.657442529913406
175,1,5,0.2895583601117859,0.3072503699637253,0.3215831475523987,0.2422852238066424,0.62,0.8188044207873356,-0.5724853111159472,-0.6208708166726928
100,0,3,0.2889212404905006,0.3057406921931072,0.32284544969164886,0.2373314792524457,0.58,0.8139344196241342,-0.540667674546115,-0.616407787784191
100,5,7,0.288887915670468,0.30312810305642013,0.2961948812205768,0.25424880978080067,0.46,0.8142802932092357,-0.5702000006414741,-0.6574752591729649
150,1,7,0.28882365142238114,0.3115893060789012,0.3025552221611034,0.2545486217783388,0.53,0.8243101732812075,-0.5979342734603347,-0.6581199915960028
200,3,3,0.2884532018826936,0.2950043848990268,0.30537661098727487,0.25117070507412453,0.53,0.8078206658328607,-0.5701080928667139,-0.6581199915960028
200,8,3,0.28837755008751526,0.28208879793626507,0.2925287562792178,0.247394547073974,0.49,0.8219247796458283,-0.517323085824504,-0.6507727375691079
150,7,1,0.2880521419571767,0.2868406196022589,0.3025160452876752,0.22232603579923294,0.5,0.8127642563484756,-0.45708821766430974,-0.5032506408090341
125,2,7,0.28793543439963626,0.3083269155416179,0.2973887309247347,0.25821672636173454,0.49,0.8136709898647836,-0.6137418984611487,-0.6581199915960028
150,4,5,0.2876619841080566,0.3050598321606261,0.31206300165798306,0.2458625486962711,0.57,0.8222344156870612,-0.5615780771989433,-0.6581199915960028
125,0,1,0.28722609667259763,0.2977940395984971,0.3136480687492549,0.23518929597577043,0.6,0.8068229817161597,-0.5133626205941715,-0.6068234743140422
150,3,7,0.28682908604914353,0.3084747739769336,0.3141098985342037,0.2500464500513828,0.54,0.8161363503442014,-0.6052894779762202,-0.6581199915960028
175,3,6,0.28656525181997167,0.30256827813336695,0.30860155338482276,0.25167560710670167,0.56,0.8139462168258101,-0.6035383096490209,-0.6581199915960028
200,2,7,0.28637204431286906,0.29635146501288195,0.3093185179630351,0.25121042594787335,0.52,0.8032931766154858,-0.5962609824308761,-0.6581199915960029
225,3,5,0.2858348108872008,0.2908571378687688,0.3044268907356653,0.24686353230420366,0.5,0.7971569788216256,-0.5771967484412202,-0.6208708166726928
175,7,6,0.2858202398488704,0.29459019177297213,0.2896834908756194,0.2515752922584913,0.48,0.8257241100321936,-0.5496751262190175,-0.6724118787238107
175,8,4,0.2846242402376491,0.2853392319206021,0.3017525888393111,0.2420567700751417,0.51,0.8199209315738372,-0.5296861391687312,-0.6507727375691077
125,5,7,0.2845601617214534,0.30678844292878965,0.3122377515275183,0.24454245588351098,0.51,0.8207099045737949,-0.5820418817140149,-0.6507727375691077
125,7,8,0.2845494476992616,0.2984670546835238,0.2941272039569942,0.24403797886782508,0.46,0.8294020405602569,-0.5347455445422289,-0.6461575045326453
225,0,0,0.28360355374856083,0.2838941423729867,0.2961782730269453,0.23720486357476522,0.47,0.7971300743261669,-0.5215804028316952,-0.5844446299192521
200,6,3,0.28352916682546353,0.2828318095041883,0.29560571632043087,0.24743435857839735,0.49,0.8003793189915777,-0.5465461568734216,-0.6581199915960028
125,1,7,0.2830135685126238,0.30639509923187697,0.2997305025711887,0.255682942671952,0.49,0.8126775698397877,-0.615538030142982,-0.6872469202926944
150,4,7,0.2825610675000763,0.30203260330296156,0.3015279094198646,0.24819398412658322,0.51,0.8107015087802756,-0.5850983872190109,-0.6581199915960028
200,2,8,0.28236297516240166,0.30033716348052214,0.31462716618764897,0.24356043235652147,0.53,0.8048210822153478,-0.5824221064785372,-0.6581199915960028
150,8,5,0.28208007628149245,0.28810993399712215,0.2986888425904388,0.2382396248282661,0.48,0.8305507669429715,-0.5210746196300037,-0.6461575045326453
225,0,7,0.2812765750779297,0.2973447319269913,0.3093024535211921,0.2415654029512626,0.53,0.7969164079665506,-0.5701164175782804,-0.6388402913368049
150,8,6,0.2806651736971387,0.2937052829744296,0.29572838158970005,0.2382396248282661,0.47,0.837134610907457,-0.528620025890454,-0.6461575045326453
100,8,6,0.2804385530506967,0.2597084628863152,0.2659840668625766,0.22799607454095439,0.31,0.7761191008648162,-0.4451596225256591,-0.49322318258265674
100,1,3,0.28026214987365844,0.2956019433702427,0.3091867446662968,0.22646994123483566,0.53,0.8035393180608682,-0.5087334533769381,-0.5765828303401797
125,4,2,0.2801008582446423,0.2977311022763459,0.3210791739669705,0.22207480968264104,0.53,0.80011369529566,-0.5091294835281622,-0.5726521992671172
250,7,1,0.2799967360747157,0.2748489462425422,0.2973740680891781,0.22202737091160274,0.48,0.8008428740451327,-0.47474303719417826,-0.5320982412840863
175,0,8,0.2793206103147624,0.30216265717755453,0.30854309571034166,0.24271351598066127,0.51,0.8000608972584302,-0.5906611293113788,-0.6450852542782743
175,5,4,0.27873010302065937,0.2878520565699009,0.3062810971990242,0.24010920089111876,0.55,0.8017037504438157,-0.5575148563835236,-0.6581199915960028
175,4,6,0.27866879767849445,0.29689769476804856,0.30284516980237774,0.24674355497713285,0.53,0.8049663382864262,-0.6054656219398702,-0.6581199915960028
175,3,4,0.27862440287127127,0.2973245711893565,0.3048082421168967,0.24221121685380376,0.54,0.8080397491487267,-0.5758406624645347,-0.658119991596003
250,0,0,0.2781659906429941,0.29147666250193505,0.30393620538400157,0.23263816778951685,0.51,0.809460389395023,-0.5271178223071553,-0.6235254150566654
225,3,6,0.2762863068803408,0.28381576921963503,0.3007623438689393,0.24049610985382364,0.5,0.7818756148389668,-0.5828299237288306,-0.6208708166726928
150,7,7,0.2756866938850747,0.2907159736119827,0.28726251269285763,0.2362771690933292,0.45,0.8163771712097436,-0.5270692628466531,-0.631942168059357
150,5,6,0.275617696748071,0.2970098595476715,0.30648531856163874,0.24193533034216919,0.52,0.8078926533417164,-0.5914809957135667,-0.6724118787238106
250,3,7,0.27527954463025395,0.28759738146684044,0.30061691467643703,0.2362305812259493,0.5,0.7910855939801479,-0.5613893548632575,-0.620870816672693
100,3,4,0.27484737041710977,0.30643086368585715,0.31718005568416996,0.2234922504474215,0.57,0.8133645629730953,-0.5428235790955609,-0.5958823506615144
125,8,8,0.2746630609516687,0.289236289127223,0.2830562193796018,0.2399458056985868,0.42,0.8216391904750223,-0.5384553529666808,-0.6546891441177881
200,7,2,0.2739358580798694,0.26982080170119194,0.2765400658739554,0.23004664419382936,0.42,0.7759910734278693,-0.49844386053680795,-0.5516583177965697
225,3,2,0.2722694306006063,0.2767145232600172,0.28804757106311585,0.23759714456334824,0.45,0.7791060786109985,-0.5532147371370255,-0.6208708166726928
250,8,0,0.272035118571999,0.26734818151905687,0.28397950368524283,0.2204039255886625,0.46,0.7872124617184802,-0.4794067176297356,-0.5320982412840864
175,6,4,0.27178460599732107,0.2813761036042952,0.29546994716605934,0.23823021742070027,0.48,0.7933902536615425,-0.5575418951723413,-0.6642628580374241
100,4,8,0.2717550918754515,0.30017180508091895,0.2937082051177997,0.2488166222134356,0.45,0.7979319740865713,-0.6276566211453818,-0.6837516551869387
150,6,1,0.2712791800744925,0.28158746693904785,0.29065120429634606,0.2165758867393297,0.46,0.7900158112849418,-0.48351353666625313,-0.5220426867140329
100,0,2,0.2707635415261127,0.2772943557957067,0.2898062741289926,0.22522002205235103,0.42,0.7778543485476743,-0.5145280719973391,-0.56373655715519
150,2,7,0.2706497537268469,0.3011804619849625,0.2904659737037478,0.24277900112286832,0.46,0.8066197285486162,-0.6042493109718512,-0.6581199915960028
200,3,8,0.2703289223463946,0.2919789808092447,0.30640210526407574,0.23595339292223727,0.5,0.7911420218245325,-0.5862047500385958,-0.6581199915960028
225,8,4,0.2700615978768415,0.27295154889232637,0.28541084453603327,0.23938808297526992,0.42,0.7964951464608779,-0.5474892044210767,-0.6724118787238107
225,5,4,0.270024565541907,0.280024384916797,0.28993114984300017,0.23913228284946042,0.47,0.7910937279528943,-0.5671593235769561,-0.6581199915960028
150,0,4,0.26987976751734893,0.2962986657144188,0.3032530349468012,0.23645373895314825,0.52,0.8054821807982384,-0.5830258054980562,-0.6718801147127207
175,6,0,0.2697934350353496,0.27505253292104537,0.28909641088276006,0.21623878870947677,0.46,0.7911132134963895,-0.47389674288314687,-0.5405054541682677
175,7,7,0.2697168867512563,0.28654535312993046,0.28371144598883724,0.23907604992167908,0.43,0.8115521275197369,-0.5528429299642806,-0.6724118787238107
225,1,6,0.2696416356709353,0.28753394520523573,0.295824265497006,0.2378879699072638,0.48,0.7858868414315533,-0.5845604087248121,-0.6450852542782743
225,4,4,0.2695864860718173,0.28169402846195946,0.29611845688487115,0.237143361202645,0.49,0.7918565367607847,-0.572790490181626,-0.6581199915960028
225,3,7,0.2693031923381729,0.28934828691210257,0.29758001728859584,0.23228661239966786,0.47,0.7879172817160243,-0.5673560581876349,-0.620870816672693
200,3,5,0.26922472763958727,0.2884254927876443,0.30145832286607366,0.23849625428551868,0.5,0.7901492002496826,-0.601515637578596,-0.6581199915960029
225,4,2,0.2691149131406468,0.27908704818640623,0.3005428572934967,0.23138853606017618,0.5,0.7990789867466299,-0.546482856269861,-0.6581199915960028
250,4,3,0.2688950361795048,0.28528301823610447,0.30067025770439315,0.2319664132149697,0.5,0.8075718797666882,-0.5591643204478106,-0.6581199915960029
150,4,0,0.26839428868436493,0.27741563320269563,0.3044058854172784,0.2086173493508705,0.5,0.7891637801690129,-0.47240332373054505,-0.5320982412840864
125,6,7,0.26813665221309035,0.2879843552694295,0.2888642436897624,0.2348171610402694,0.46,0.7924522148251748,-0.5665412874889516,-0.6319421680593569
175,3,7,0.26798713939585644,0.2912042946027055,0.2958086081941427,0.2397550546160998,0.46,0.7932077840019737,-0.6078795970729243,-0.6581199915960028
175,2,8,0.2676624604983758,0.29161699540370006,0.2980635907801483,0.2390610689470294,0.49,0.7865328680263236,-0.6069291292017592,-0.6581199915960028
175,3,5,0.26727122698485223,0.28895003567522487,0.30717565110206824,0.23494099253312117,0.53,0.7883562931257072,-0.6036478977037426,-0.6581199915960029
175,8,6,0.2671524724941418,0.28139504709737184,0.2846890412629024,0.2333947456101637,0.43,0.8042536050773745,-0.5428871017276404,-0.6507727375691078
175,7,0,0.2668786575770176,0.269335880184089,0.2838601735328632,0.21585620008046025,0.41,0.7933232708343919,-0.47190527605865945,-0.5516583177965698
200,8,5,0.2668308237830881,0.2755992870163752,0.28427665235207034,0.23287002090137165,0.4,0.7989734351822956,-0.5364718874931751,-0.6507727375691077
100,5,6,0.2665886478849658,0.2776814040428786,0.29302312975772615,0.23073902232276655,0.43,0.7788256589641831,-0.541604666502173,-0.6402196258987878
125,3,7,0.2664459339885061,0.29463601317362853,0.28161102557392215,0.24551422710438242,0.45,0.7928990940963639,-0.6219816149226312,-0.6642628580374242
100,4,5,0.2662804758432056,0.2888489770280259,0.30313462018603254,0.22393262347068688,0.51,0.7877540952592189,-0.5645438558569988,-0.5902432961049033
225,6,4,0.2661406666957301,0.27684866076101755,0.2936424942080702,0.23318598345617736,0.42,0.7893798698651142,-0.5596548346906723,-0.6581199915960028
200,3,6,0.265954403916647,0.28572171187240614,0.30043638994209343,0.23609066103603094,0.5,0.7868620454956495,-0.6035496506597358,-0.6581199915960028
200,1,2,0.2657997518583852,0.2886353081823375,0.29809523802978743,0.23302691605355497,0.48,0.7987137095572134,-0.5689131899908368,-0.6718801147127208
225,3,4,0.26560295868650025,0.28370457654943115,0.2951491575865315,0.23006545194941297,0.46,0.7829457160021821,-0.5692772835925333,-0.6208708166726928
150,7,8,0.2653927871967984,0.285238949642069,0.28092654370310743,0.22923139998110909,0.41,0.8065878322522824,-0.529130940455377,-0.631942168059357
250,3,0,0.26524159334476205,0.26824715250952025,0.28718578039647746,0.21966089284096713,0.43,0.7739726596039875,-0.5070555784966897,-0.560054659836884
250,3,5,0.2643278096328349,0.28216645375975646,0.3040414246474321,0.2257452362498764,0.5,0.7862938170454761,-0.5720695745000962,-0.6208708166726928
225,5,2,0.2637908403951794,0.27590227169326764,0.2859340172250435,0.23078820405683165,0.43,0.7954487672142903,-0.5408180992330031,-0.6581199915960028
200,0,2,0.2632129666090026,0.2835572114491928,0.29189078867283413,0.23407507664915084,0.45,0.7899010989891265,-0.5752330210291516,-0.6718801147127208
100,0,1,0.26265329359225315,0.25585578444696205,0.26329180700537513,0.21791069339231717,0.24,0.7539790310184297,-0.4677908594927036,-0.5159295159429529
250,3,8,0.26219187955170137,0.28207713230538034,0.2949214432358267,0.22590494757113477,0.49,0.7820248472002406,-0.5617539938393559,-0.6208708166726928
100,5,5,0.26184392894230923,0.2726587682080514,0.2840864091073241,0.22388187573884522,0.44,0.7679010181563153,-0.5309047486201971,-0.5919170160218101
225,1,2,0.2614745940912643,0.2791418673386701,0.2919544587575347,0.22622099974499998,0.47,0.78245695826461,-0.5563789957201163,-0.6276154339362774
200,1,4,0.261377000448965,0.2875626907306454,0.3045442886876668,0.22429116338038857,0.51,0.7850860708385755,-0.5653811333709098,-0.644658136346838
225,3,8,0.26130728216518606,0.2808276398752684,0.28926287555943087,0.22837437512262282,0.44,0.7739683749343506,-0.5678290644226363,-0.6208708166726928
150,5,5,0.26104535544596014,0.2838946754254278,0.29231255706544346,0.2315946981619199,0.48,0.7874739339869798,-0.5717955377953523,-0.6724118787238107
200,7,1,0.2605214584426393,0.26900441661912,0.2814644389249774,0.21536971686157047,0.42,0.7732765961159127,-0.5004758996024115,-0.5516583177965697
125,4,7,0.2598779331303921,0.2909732121233852,0.283010651899785,0.2372032819373029,0.41,0.7928175370859697,-0.6046941005527671,-0.6724118787238107
225,1,7,0.25981900452982176,0.2874485273553501,0.29928418296715487,0.22813774884964722,0.49,0.7800783087848251,-0.5819617292005761,-0.656390655570465
250,6,3,0.25969619866773,0.27601104422545586,0.2975830621460769,0.22411802900266053,0.46,0.7968457000503912,-0.5542629910874036,-0.6581199915960028
175,4,7,0.2593865407895259,0.28559259805522474,0.29052444929634036,0.2339491803235605,0.44,0.7841951704279704,-0.6097484271865926,-0.6581199915960028
125,2,2,0.25830517201963976,0.30267885750908674,0.3315142603353456,0.20378580735608276,0.61,0.7955361531762442,-0.5453029683899533,-0.5971716250111909
250,0,7,0.2575927746435738,0.29092874254745,0.2948855688493781,0.23013734226972704,0.47,0.7885229366698258,-0.5821553056433356,-0.6897771497982133
225,0,8,0.25693655322415065,0.2848386315081147,0.28851268017138576,0.22889021418819833,0.47,0.7761193252715708,-0.5770395982474625,-0.6577789325606287
225,3,3,0.2565320476167635,0.2751312451502572,0.2796580255921144,0.2273392104510248,0.44,0.7667650984981083,-0.566179983367339,-0.6208708166726928
225,8,5,0.2563310940371383,0.26568853376038915,0.28086152277787013,0.22876973175230053,0.37,0.7810308533196799,-0.549845425671751,-0.6724118787238107
250,3,6,0.2561774013010433,0.27871249441292517,0.29734269249754197,0.2215974010452706,0.48,0.7792005760754991,-0.5793109173595741,-0.6230867812125803
175,4,4,0.25605390820823504,0.2868501452586231,0.2916462143862053,0.22616039651852526,0.46,0.7886291579173019,-0.5788416401603829,-0.6581199915960028
100,6,7,0.25530042949364606,0.28448424499539554,0.2741684172477159,0.23440252726051924,0.39,0.7831064556255393,-0.5853239723933256,-0.674706835664178
125,5,2,0.2549602657557549,0.2883069591632509,0.30672067276975135,0.19647273618765881,0.51,0.7824797441596094,-0.4938234730223529,-0.5220426867140329
175,4,5,0.25457725833625267,0.279733270180629,0.29832836517907224,0.22690937064544037,0.49,0.7722329076672138,-0.6059472797969981,-0.6581199915960028
200,0,7,0.2542771933248236,0.2818568198805832,0.2950702242201524,0.22246805760036836,0.47,0.77284266921137,-0.5808833332991789,-0.6358685629360622
100,7,4,0.25410426193457547,0.2688079662726118,0.2811199074035702,0.2052087091196566,0.44,0.7723796953886171,-0.48788764050779526,-0.5274027354648465
150,8,7,0.2540612158541462,0.28192037618799043,0.28239826368364196,0.21863421103217373,0.42,0.8135145904607505,-0.5323150354241474,-0.6461575045326455
150,3,8,0.2533071643633198,0.29347125648268496,0.2945825027539781,0.2293198154936007,0.48,0.7869014257105396,-0.6186501709447378,-0.6783062063764792
175,7,5,0.25318662357992405,0.27476598335005903,0.2908326320842387,0.22176835113564808,0.42,0.7874814217089744,-0.5510872887462034,-0.6724118787238107
150,1,8,0.2530912849987578,0.2946512557210653,0.2845958904207453,0.22889268808857954,0.44,0.7920673646613714,-0.6080279562532666,-0.6581199915960028
200,0,5,0.25307896468327956,0.2781744051122872,0.2829223498925122,0.22776233017873104,0.44,0.7644565282015188,-0.5934635555058981,-0.6364708355324451
150,6,6,0.2530575070460781,0.2791690821163918,0.2929081879232416,0.2220321212647276,0.44,0.7797953469935182,-0.573323616619623,-0.6507727375691077
250,5,3,0.25259373917820654,0.2783124757598325,0.29118401875575484,0.21981199608046387,0.47,0.7954927635423897,-0.5580007115880201,-0.6581199915960028
200,4,5,0.2523479646519667,0.2756157731586247,0.2922978388027968,0.22399364984666215,0.46,0.7715673006722429,-0.5821942805821125,-0.6581199915960029
200,4,8,0.2522920083383374,0.280300707328459,0.2931117085178321,0.22130319101476958,0.44,0.7755803774435946,-0.5652892641130055,-0.6581199915960028
175,7,8,0.2521023387260357,0.27963408437994963,0.27937789705582095,0.22460810908414652,0.41,0.7947995734984288,-0.5552567694595113,-0.6724118787238107
200,4,6,0.25208189512673657,0.27393003218743334,0.28921180016854664,0.22511907164901812,0.43,0.7703540672060392,-0.5839802733179645,-0.6581199915960028
125,0,0,0.2511544573895045,0.2612279043899092,0.27630503413162355,0.21086864600959254,0.31,0.7566281867957345,-0.5057056819982889,-0.5626652367002039
200,3,7,0.2510382252725338,0.27857896662891357,0.28931639623770256,0.2269920088014339,0.48,0.7702003302839172,-0.608487912293409,-0.6581199915960028
100,5,8,0.25070378608766075,0.28415394244726494,0.27167896460344254,0.2326759878001028,0.37,0.7756338169205438,-0.5940474202991269,-0.6782485424139519
225,4,5,0.25066888552457073,0.2679833692281468,0.27660010552876857,0.2285044212011076,0.44,0.7622411301115514,-0.581773865507747,-0.6581199915960028
200,8,6,0.2504058860215449,0.2676985629633971,0.27471114800824115,0.2212991075755799,0.37,0.7844178053039903,-0.5393189502027319,-0.6507727375691077
225,1,3,0.25021293869586236,0.26949710544263455,0.2826572089220376,0.22140384793160717,0.4,0.7552340126637754,-0.5704380975357559,-0.620870816672693
100,4,4,0.2497992226148013,0.2861554598787443,0.2978834542479427,0.20687652942783208,0.48,0.7822575729379351,-0.5399208315278539,-0.5912662185150307
150,4,8,0.2493800243545286,0.2870767177625492,0.2857138448751002,0.22414028331793734,0.46,0.7803715586229807,-0.5948152516660996,-0.6581199915960028
150,6,5,0.24857233398460984,0.2694486104343416,0.2744846220055652,0.2232378238637447,0.39,0.7667237805290086,-0.5582978022207716,-0.6507727375691077
100,1,2,0.24856963520484768,0.25865967335277334,0.25979928812351916,0.21152021184592829,0.27,0.7517721139125897,-0.5022860055889616,-0.5374777592664406
125,5,8,0.24853631956283842,0.28534576316309496,0.2853708066140559,0.22281679912748764,0.44,0.7773601682645274,-0.5939316798651684,-0.6507727375691077
250,4,2,0.2484354114516824,0.26895619570893436,0.2920162471013876,0.2142759499172453,0.46,0.7851623524165336,-0.5420601165397582,-0.6581199915960028
150,5,7,0.24822503455776085,0.281831025775667,0.2856046569469777,0.224952752906995,0.44,0.7779536002170413,-0.5973704035471549,-0.6724118787238108
250,4,7,0.24795710171237667,0.275231945195671,0.2826706564702308,0.21879656014649007,0.45,0.7792802007026132,-0.5525383757941915,-0.6581199915960028
250,8,1,0.24778261012137054,0.2566313709438006,0.27449249818764687,0.20435588726396747,0.4,0.7631149997084072,-0.4924067623198083,-0.5460604000656895
225,5,7,0.24762758581681454,0.27394248151916045,0.28385790434482483,0.21939263829467337,0.41,0.7717177415995511,-0.5586728263909274,-0.6581199915960028
200,5,5,0.24720747238654128,0.27193890750972183,0.2905717861540411,0.21886097761148604,0.43,0.7678641167885621,-0.5747563380195317,-0.6581199915960028
225,5,3,0.24719670646636338,0.26995032887643877,0.28026108907325553,0.22081120306871505,0.44,0.7711343927047687,-0.5632052502897689,-0.658119991596003
175,8,7,0.2469443996776088,0.2734295062130069,0.2731463959681697,0.2187144622052164,0.4,0.7899100530175452,-0.5457235966746649,-0.6507727375691077
175,5,6,0.2469312771406975,0.2760386770064516,0.28292951030102964,0.22235142787840712,0.41,0.7720991694797392,-0.5866784478487402,-0.6581199915960028
225,4,3,0.2465445434219305,0.27277703002760234,0.27915931084571,0.22104805023303586,0.43,0.774769089850198,-0.5698232802959955,-0.6581199915960029
225,7,4,0.24612428397079478,0.26419306796523423,0.2799703101943116,0.22058823032855313,0.38,0.7644426025160105,-0.5649746997287333,-0.6581199915960028
250,2,0,0.24598389866839782,0.2713241160009159,0.28798412725912903,0.21037478463609527,0.43,0.7773612956557536,-0.525782579976698,-0.6428032456364912
200,7,3,0.2452792934174072,0.26308138987006574,0.27277401202006946,0.22375605683976052,0.37,0.7612084552923277,-0.563359634836523,-0.6724118787238106
225,6,2,0.24524600565243643,0.26347639853289756,0.27862807625539276,0.216374765871995,0.36,0.7764473473446857,-0.5412697961410055,-0.6581199915960029
250,5,7,0.24511745643438715,0.27001736515607505,0.27623151183822925,0.21868754168280646,0.4,0.7717816463526889,-0.551513724503453,-0.658119991596003
100,0,8,0.24461872207224683,0.3079597560456767,0.30576008498724416,0.2345234868784274,0.5,0.8060417843035657,-0.6586764749201527,-0.8236296030558291
200,2,2,0.24448206837477388,0.26938958837884663,0.28024726987413495,0.22547775365797684,0.36,0.77112004795078,-0.5863338947332549,-0.7041176620722198
250,4,4,0.24427352090406612,0.27179327840757794,0.2884041879729382,0.21509552653393516,0.48,0.7779551335383443,-0.5682323578655392,-0.6581199915960029
250,7,3,0.24408683461698272,0.2672927777390429,0.28713030852298105,0.2142759499172453,0.43,0.7789076596469385,-0.5598778074621729,-0.6581199915960028
150,8,8,0.2437167796825106,0.27647009897442154,0.27291879395422125,0.2126432913629004,0.4,0.8036058828909087,-0.5343400811864611,-0.6461575045326455
225,4,7,0.2431175854217154,0.2745254659208559,0.2837251549000033,0.2156332312260636,0.42,0.7700620276650966,-0.5634367756079728,-0.6581199915960028
150,0,6,0.2430222123469838,0.28707163148636683,0.2952138740807315,0.22053569680641472,0.45,0.782736305772881,-0.6077352587006197,-0.7052901380544307
225,6,3,0.24286978757657496,0.261787699038019,0.27444704779836293,0.21893353311309527,0.36,0.7590583267434287,-0.5586073270485113,-0.6581199915960028
200,8,7,0.24220717428897362,0.26377442607774143,0.27048796731309577,0.21560786714784808,0.36,0.7742839199033417,-0.5411410104484544,-0.6507727375691077
225,6,5,0.24215588870476723,0.26337089296903393,0.2780373494389363,0.21809499521898856,0.37,0.7599590198703032,-0.5686408437322751,-0.6581199915960028
225,5,5,0.24202013200719902,0.2663503674248932,0.2772640975218148,0.21901935478274304,0.4,0.7613649014183415,-0.5761570821837187,-0.6581199915960028
200,5,4,0.24181008501384393,0.26689997056419495,0.2805223623186883,0.21678206821536894,0.4,0.7610137668270653,-0.56853260166359,-0.6581199915960028
225,1,5,0.24177521711658156,0.28067065072860903,0.29125335280753295,0.21836815586325686,0.42,0.7748714132631594,-0.6031636586606468,-0.6814168625108695
225,2,7,0.24106219758036565,0.27520698219716416,0.2854678189805018,0.21988393928544636,0.41,0.7624095732125413,-0.5906364692710141,-0.6885186789273792
250,0,8,0.2409844352882704,0.2849073755805165,0.2973229043717296,0.2166834816190164,0.49,0.7788865334588552,-0.5885639335212542,-0.7144531351500925
175,8,0,0.24013467410805073,0.24615805405335348,0.26027901051695035,0.1971509105153495,0.25,0.748550269069997,-0.4649470245202313,-0.5220426867140331
225,2,1,0.23989314162138162,0.2608188063528774,0.27306860001948796,0.20878636904569592,0.35,0.7521249862402513,-0.5304053477487731,-0.6098859460050234
200,4,7,0.23933981934659548,0.26686759967523727,0.2790081412566514,0.2179335837944849,0.4,0.7536123958337577,-0.589363386623481,-0.6581199915960028
125,0,7,0.2390028381960163,0.2922122848826491,0.2929353960616128,0.22497476378190018,0.46,0.7876558548084646,-0.6393607920815748,-0.7478848754233651
100,1,1,0.2389730533979404,0.23882274762241615,0.24050301366427917,0.20780523761229142,0.17,0.7308078412096165,-0.4752202936920266,-0.5444643105057485
150,2,8,0.23824119640236152,0.28440653901558877,0.271569050790996,0.22072808242342012,0.42,0.774494865282353,-0.6140303655074597,-0.6581199915960028
200,5,6,0.2364765308587397,0.2639919709588213,0.2786876365051032,0.2135781111391597,0.37,0.7538614280899745,-0.5761597345400316,-0.6581199915960028
200,4,4,0.23617199597655503,0.27322348989120604,0.29290346000650436,0.2070160330435893,0.45,0.7695639722439936,-0.5759447224102501,-0.6581199915960028
225,8,6,0.23615185980139553,0.25640001844985144,0.2704503514141807,0.21428152925522137,0.32,0.7608122832784404,-0.553425726989027,-0.6724118787238108
175,8,5,0.23613871657693958,0.2610337695030404,0.27638186815898713,0.20888759290278291,0.35,0.763646620482636,-0.5458082171932407,-0.6507727375691079
250,2,5,0.23565118040917837,0.26868931292672005,0.2799878662333106,0.2184132694446157,0.39,0.7577274014652601,-0.5953948846369824,-0.6992864817787897
225,1,4,0.23561735279218937,0.2687652968492338,0.27294029934697805,0.21517555844129888,0.39,0.7553490585853999,-0.5786864352892107,-0.6607286287267853
250,5,8,0.23559603291960035,0.2646212065850589,0.2686976623773494,0.21273761874623354,0.35,0.7625871779357868,-0.5531728561164012,-0.6581199915960029
125,2,8,0.23541543641417892,0.2829382817029129,0.2663355966520742,0.22441384345879767,0.39,0.7659783349113148,-0.6305292669008499,-0.6783062063764791
175,3,8,0.2352938531322223,0.27509984428172923,0.28067823562233607,0.21894039408894939,0.44,0.7572569070478025,-0.6219487945893415,-0.6783062063764791
250,1,7,0.2350658319845924,0.27587400912413285,0.27513418668582146,0.2171652817229628,0.43,0.7645410604068524,-0.5881832077594562,-0.6897771497982131
250,1,0,0.23497857144460163,0.2682897313385551,0.2750198736420595,0.2010259811497419,0.4,0.7704372844491637,-0.525130437021495,-0.609236957932148
250,4,1,0.23497243222880174,0.26642231769937436,0.27536925299505177,0.2135887206397602,0.41,0.7862273777226423,-0.5623495914151335,-0.7041176620722197
225,5,8,0.2348355555660655,0.26556989633675104,0.2741591427302472,0.21142542048926982,0.36,0.7575274564777564,-0.5611313519784253,-0.6581199915960028
225,6,7,0.23482978550063405,0.26357609836475443,0.2709748559824552,0.21149874811366032,0.38,0.7557459959722763,-0.5513153560422279,-0.6581199915960029
225,4,6,0.23452555214532578,0.261859045304167,0.2751652031729763,0.21470006483049975,0.4,0.7483780301587827,-0.5878381420734832,-0.658119991596003
225,1,8,0.23450288789371726,0.27504661104051886,0.27670440984111844,0.21502612424633183,0.41,0.7593237037598094,-0.5889564811631169,-0.6744089835821674
250,4,8,0.23420238906006646,0.26979896606159676,0.27516468113341164,0.20860862150369752,0.4,0.7700813965295172,-0.5542365283590521,-0.6581199915960028
250,5,2,0.23390447770629602,0.2594269661724694,0.28326535640168893,0.20426372583344166,0.42,0.7677624694239131,-0.542592677183746,-0.6581199915960028
200,6,5,0.2335915033049238,0.2631816574899803,0.2844068402699145,0.2092914510663375,0.36,0.7505286081135236,-0.5789385945447119,-0.6581199915960028
225,5,6,0.23340774256670654,0.26142721614018927,0.270678811519804,0.2143775889550419,0.38,0.7497858582913206,-0.5823191660331009,-0.6581199915960028
250,6,4,0.2333568646304664,0.26271046368799383,0.28007091466338285,0.20731815180012614,0.39,0.7674755184385676,-0.5631012468110742,-0.6581199915960028
175,8,8,0.23296126103492973,0.26658340950125453,0.26635460047805815,0.20873890138754825,0.35,0.773093373747942,-0.5480995555238622,-0.6507727375691077
125,2,1,0.23120500908681324,0.25778140953967155,0.27213451124650434,0.1900125252070053,0.36,0.7394554606362815,-0.5000100648246869,-0.5320982412840864
150,0,7,0.23079062686004326,0.2877848780457715,0.2874908546314696,0.21813983941346615,0.41,0.7794762607075395,-0.6288720086152597,-0.7486447149720924
225,0,2,0.23060763422028402,0.26032463985079385,0.2707247763141256,0.20602053411420185,0.38,0.7456685759356867,-0.5644414667620622,-0.6208708166726928
125,1,0,0.23056469230278615,0.23554940600572644,0.24505782718720126,0.1988858452102109,0.19,0.7134624250700692,-0.4804920101784371,-0.5350934520713824
125,6,8,0.23037768354901328,0.26698979826080554,0.26638011343778123,0.20975754507436695,0.37,0.7494548381439894,-0.5781255956180044,-0.6319421680593569
100,2,3,0.23036543941344517,0.26288768285424846,0.27159901116893104,0.19176487432188893,0.36,0.7430010583295727,-0.5154052338925722,-0.5405054541682675
200,8,4,0.22984892588235903,0.2567198355709912,0.27002536190038295,0.20401262479075588,0.29,0.761453643236093,-0.5375966106292294,-0.6507727375691077
175,5,7,0.22977606883231444,0.2649748345523513,0.2678856694839711,0.21271831959460208,0.34,0.7510170181557173,-0.591429978121122,-0.6581199915960028
200,5,8,0.22973547792456794,0.2695899625429839,0.2735777886682844,0.2060715288671795,0.39,0.7592614079365856,-0.5584765870986473,-0.6581199915960028
225,7,2,0.22950714309316295,0.2474326341561666,0.2629439495465675,0.208939837451656,0.23,0.7439932124201876,-0.54308778778172,-0.6581199915960028
175,6,6,0.2292113315911462,0.26624058116698185,0.273540643684576,0.2096142918008015,0.36,0.7550286090042023,-0.5843182367987556,-0.6642628580374241
225,2,6,0.22916868390826634,0.2724881690915277,0.2747490127169143,0.2094243112836327,0.38,0.7619700381162126,-0.5962914178237818,-0.6582041473672955
100,8,5,0.2290521565771403,0.24688831854351714,0.26685173860153033,0.19259117870095,0.32,0.7406705421799884,-0.4791326097001547,-0.5869486084472586
225,8,2,0.22889886745238386,0.25031738210489596,0.26222504587504014,0.20934688959359282,0.3,0.7646760661793995,-0.5382422860561481,-0.6881179916508722
100,5,4,0.22882829407625355,0.2632845508315908,0.27710621158161186,0.18781116248047303,0.37,0.7474575124214416,-0.5060813754771412,-0.5503687839424203
250,6,7,0.22742469842912816,0.2590669222952733,0.26483062825992376,0.20586987319758632,0.34,0.7562502630259423,-0.5485326378492218,-0.6581199915960028
250,5,4,0.22678742700863697,0.26491354625784214,0.27366171191409916,0.2035823125499885,0.43,0.7660352107303287,-0.5670608534176017,-0.6581199915960028
250,0,6,0.2266581081461535,0.26710659507131035,0.27237583465580073,0.20915280899250677,0.4,0.7533615310939207,-0.5902852940083867,-0.6726093018239077
150,6,7,0.2262261936043132,0.2643110364727496,0.2759282022536649,0.20422663806228147,0.36,0.750102653220313,-0.5792187812288767,-0.6507727375691077
200,6,8,0.22613190036254754,0.2634684725951646,0.2663789796847089,0.20594214662744958,0.36,0.748752200417603,-0.5594255502363176,-0.6581199915960028
150,5,0,0.22596177305245244,0.2448829527174098,0.2623783412045717,0.18740866985562388,0.28,0.7327695999158392,-0.4727921036531808,-0.5516583177965697
250,1,8,0.22504223616647245,0.2699085088885196,0.2837333702195086,0.20809242509739834,0.43,0.7550878956798099,-0.5943215553927451,-0.7144531351500925
225,7,3,0.2248532824577988,0.2469308409508676,0.2575210410102582,0.209741749105254,0.32,0.7286079825948274,-0.5624789204085956,-0.6581199915960028
225,4,8,0.22450102272380845,0.2661549786979186,0.26788240991949763,0.20388720622989176,0.36,0.7559989205898924,-0.5651078455458218,-0.6581199915960028
200,3,4,0.22441848352464222,0.2647276894951245,0.2755568008949538,0.2058500146189428,0.39,0.7431922170245215,-0.5959982467491322,-0.6581199915960028
250,4,6,0.2243565386085109,0.2593088139284616,0.27385421645190267,0.20363089091995157,0.38,0.7514560463422026,-0.5785651051448543,-0.6581199915960028
175,4,8,0.22421516461595709,0.26957534455928084,0.27545577664869403,0.2113191669816441,0.34,0.748327376137758,-0.6250379063754723,-0.6837516551869383
150,5,8,0.2240081752616866,0.26720822379338627,0.2705729341831682,0.2095357843534933,0.37,0.7480514779773837,-0.606925553514376,-0.6724118787238107
250,4,5,0.22398156868094737,0.2620098565600431,0.2716701858342767,0.20261239347455207,0.39,0.7573731899523765,-0.5707770489349282,-0.6581199915960028
200,6,4,0.22366807955595963,0.2542053174850132,0.2649311270468775,0.20654293943619795,0.37,0.7353749195262038,-0.5718229062428454,-0.6581199915960028
100,6,6,0.223181702627218,0.2519151445227146,0.2629715924537186,0.20508108668447922,0.28,0.7335689504755868,-0.5566085697671717,-0.6583192908204907
225,6,6,0.22299654214498088,0.2510224472219649,0.2615731937521164,0.20755384323480697,0.29,0.732736929011769,-0.5742906172034006,-0.6581199915960028
225,7,7,0.2228712901692515,0.25368715708612233,0.2625930148808264,0.20416629114443752,0.32,0.73832588153133,-0.5538052295531783,-0.6581199915960028
250,0,5,0.22256297040878537,0.2654619999386997,0.27625164022071047,0.2018101362437621,0.37,0.7477666849491449,-0.5923231737508609,-0.6467779385805372
100,6,8,0.22219482088527248,0.2660813790415435,0.25502451342937715,0.2156658178586901,0.33,0.7452419660215643,-0.6075452278247744,-0.6944350661645181
200,6,6,0.22214340182726883,0.2552747354292353,0.27294863960028515,0.20314251672634076,0.34,0.736523741603175,-0.5803419910652118,-0.6581199915960028
225,6,8,0.22201370202319226,0.25529408765699435,0.2598928214241245,0.2039956373356988,0.29,0.7415679239544469,-0.5538154797308801,-0.6581199915960028
200,0,6,0.2218698344514149,0.2646102440505046,0.27329990621751077,0.20544777718631013,0.36,0.7421596271884816,-0.6070355372038817,-0.6576141562163671
250,8,3,0.22169176827081022,0.25295148742916035,0.2733468239098982,0.20002717187246422,0.33,0.7499328175468614,-0.5682451517855579,-0.6581199915960029
175,5,5,0.22166419073606974,0.2551899483736236,0.27654939402074796,0.20292498741087206,0.34,0.7299565510381006,-0.5886467458792656,-0.6581199915960028
250,6,5,0.22142124718065748,0.25362048566298234,0.2667597845222396,0.2018930066073681,0.34,0.7482913884946651,-0.5657416327455618,-0.6581199915960028
250,7,4,0.2212421458470359,0.2540841818238532,0.2719973765870898,0.20009394434889205,0.34,0.7496462409321727,-0.5684215035192594,-0.6581199915960028
225,2,2,0.22070527357192193,0.2535261562575692,0.267324504707084,0.19704304945768403,0.31,0.7379361154917342,-0.5570763342109243,-0.620870816672693
200,5,7,0.2206782185507395,0.25698030234504216,0.2691357205014355,0.20309788639988957,0.34,0.7372496359551692,-0.581542847845548,-0.6581199915960028
125,8,2,0.2202345789262699,0.24990684493421894,0.26113624425813886,0.1780538724775198,0.33,0.7406935118960896,-0.46443488705667507,-0.5274027354648465
200,2,4,0.2195727406537608,0.25981491438091486,0.27184461077555633,0.20115592784651581,0.33,0.7395400649325521,-0.5840000583266967,-0.6581199915960028
225,8,3,0.21953258732678943,0.2519568061935546,0.2695439539118827,0.19817179337770874,0.32,0.751571382949464,-0.548867605697119,-0.6724118787238107
225,7,5,0.2193102990294979,0.2508730856680901,0.26541767763704893,0.20224204269551405,0.31,0.7352612469693657,-0.5736402619744347,-0.6581199915960028
100,6,5,0.2192857392070204,0.2451566848530625,0.25180621971102624,0.20053238740431678,0.28,0.7161304419296394,-0.5452049484742794,-0.612446666336132
250,5,6,0.21910809093032052,0.25394503275233943,0.2686976623773494,0.20072840535083958,0.36,0.7426165365430312,-0.5771818334702798,-0.6581199915960028
125,1,8,0.21858517115812925,0.2781275341338409,0.27240951567865546,0.2128272797279125,0.36,0.7600879769556513,-0.641817208137355,-0.7337441223728212
175,6,5,0.21801151286611398,0.2489863110306813,0.25963918871514347,0.2061557867654764,0.33,0.7206231153230312,-0.5853462780980225,-0.6642628580374241
250,2,6,0.21717573706066945,0.26319570682130955,0.2761716773557159,0.20235599182855135,0.33,0.7473595329701769,-0.606476971560489,-0.6885186789273794
250,6,8,0.21639276201574414,0.25373984332495214,0.2603590202745727,0.19732902736983315,0.28,0.7470343368600579,-0.5501055853282812,-0.6581199915960028
225,2,8,0.21596166839290867,0.2630190088796981,0.2666432569382229,0.20546719057528007,0.34,0.7417447887110679,-0.5973751563577314,-0.7048522644470703
250,7,7,0.21594144204281385,0.2514308649727162,0.25763147738434733,0.1983339207265724,0.29,0.7422268492713521,-0.5510803712532335,-0.6581199915960028
250,6,2,0.21559890121352715,0.24773150334803865,0.26479885776607603,0.19396562598757483,0.3,0.7505076643079615,-0.5439578248100914,-0.6581199915960028
125,7,2,0.2152433701566935,0.24914604509918128,0.25956823216417035,0.17855161233618522,0.37,0.7183446667114995,-0.48129891321576873,-0.5386882718797906
125,5,1,0.21431210498305686,0.23412890299488723,0.24336240878360793,0.18219798657145558,0.26,0.7078760915265079,-0.47843385985260617,-0.5228074880246936
250,3,4,0.21391233667530846,0.25219116164846683,0.27021418685541176,0.19402182268050172,0.34,0.7274384891844453,-0.5799297761078057,-0.6328795740640636
225,0,6,0.21275739366906488,0.255825980167977,0.2597669314237909,0.19790625089521696,0.35,0.7271631332913522,-0.5952101114021349,-0.6281512051953093
125,6,2,0.21264891168319858,0.26030232357424765,0.2682685231787729,0.167895434577227,0.43,0.729945423185934,-0.4803089187938421,-0.4989906960621262
125,4,8,0.2121321050373079,0.26595107532883294,0.25624385962641427,0.20440379026588462,0.31,0.7438631433410098,-0.6177185652963919,-0.6733985972953556
175,6,7,0.21187413414699474,0.25526666066221443,0.26330297553222826,0.19811495331380824,0.31,0.7339986717129101,-0.5890872378031975,-0.6642628580374241
125,3,8,0.2118661666483377,0.2695308702570891,0.25566222150077156,0.2077269224443139,0.34,0.7452816073948363,-0.6382491366178273,-0.6837516551869385
225,0,5,0.2109289481103762,0.25988567370469634,0.26605574630812057,0.1972708548730302,0.35,0.7353145113191197,-0.603381214093379,-0.6588083318482031
225,7,8,0.21011814095578835,0.24546780508354404,0.250338138575638,0.19710817353251953,0.25,0.7241194958332463,-0.5560495132105323,-0.6581199915960028
250,0,1,0.2098837590604441,0.2560691081932794,0.2722254175647665,0.19193112942010693,0.33,0.7464398899382876,-0.5821120519260172,-0.6718801147127208
250,5,5,0.2085672902822318,0.25518399881362674,0.2634752538733407,0.19087110098995974,0.35,0.7454751579979745,-0.5695513586969572,-0.6581199915960028
225,2,5,0.2085591845096461,0.2622135874973603,0.26216133033260225,0.2028158584073274,0.32,0.7445832232159365,-0.614972030803957,-0.7178315367489214
200,0,4,0.20840653176781815,0.25039738947996903,0.2572614911240583,0.19364977153403617,0.35,0.7152575891186157,-0.5868190593488204,-0.6208708166726928
125,3,2,0.2080188276455079,0.27180759718706576,0.2918278543601234,0.17400946583355803,0.44,0.7388170740271349,-0.555091509154622,-0.6062477203770948
200,6,7,0.2070406410209385,0.24831013628156312,0.2649010889779069,0.1928046153172882,0.31,0.7200744608461507,-0.5856109428892406,-0.6581199915960028
250,2,7,0.2066134572444896,0.2636032028904754,0.26202054484991,0.19797383478331487,0.4,0.7431220851234823,-0.6002675716788769,-0.7048522644470705
250,0,2,0.20652383397296503,0.25174502393089504,0.2580750435792334,0.1929629851033512,0.33,0.7272382969036331,-0.5828341073161752,-0.6500438725746747
250,6,6,0.20610588182126915,0.2439490851045553,0.2624079054037667,0.1905529390432532,0.31,0.7283714002337167,-0.5728961414366622,-0.6581199915960028
225,0,3,0.20581314933319306,0.2490374325681875,0.26314476329154957,0.1907165470615888,0.33,0.7124176809786716,-0.5935399676113999,-0.6277268324536389
250,7,8,0.20576896380113735,0.24612857792203557,0.25050500952405086,0.1915837480131357,0.26,0.7329857482757413,-0.552653318732293,-0.6581199915960028
150,6,8,0.20451502162886756,0.25022643164803365,0.2610290601980143,0.19119884120212594,0.31,0.7207222586281878,-0.5885374797992301,-0.6507727375691077
200,7,8,0.2044161710912684,0.24988051603624117,0.2513490417837094,0.19412159890788927,0.29,0.7255074334778472,-0.5706416603897155,-0.6724118787238106
100,2,2,0.2038614074253967,0.23010848965626096,0.23013872239472577,0.1827124320553879,0.16,0.6988523000397714,-0.510476800454168,-0.5405054541682675
250,7,5,0.20296523950911033,0.24503247051134236,0.26365754095269667,0.18658264589777485,0.32,0.7305876417773394,-0.5711046492057934,-0.6581199915960028
250,3,3,0.2025201504870583,0.24422959120731252,0.2539703310720003,0.18667198081743241,0.31,0.7174516838579688,-0.5695874937245206,-0.6208708166726928
225,7,6,0.20248540548028415,0.23864512341739347,0.2551956878246142,0.19182099702142508,0.27,0.7081873782298754,-0.5791422781545472,-0.6581199915960028
100,8,4,0.20247264433396145,0.22863660010188763,0.24302668293396446,0.17271837669194268,0.26,0.7086594980698143,-0.4704619015561733,-0.555424030437131
250,1,6,0.20159908410918104,0.2513880175144197,0.26018019028382766,0.1910674780146251,0.3,0.7283314496078481,-0.596142052425173,-0.672609301823908
200,8,8,0.20158768264893162,0.2453521330650191,0.24679125805936142,0.18908908164883442,0.25,0.7229578727136068,-0.5553141281738084,-0.6507727375691078
100,2,1,0.2010785614271745,0.2120236289369245,0.21690201526540154,0.17885365100472916,0.13,0.6840334679558687,-0.4719977524596169,-0.5177374206176066
250,2,8,0.2009066495651679,0.25846212471665475,0.27009210748397106,0.19307404163354414,0.37,0.7351715538523236,-0.6056703388029503,-0.7283291333959796
200,7,5,0.20075333718580562,0.247378570292544,0.2683568892013306,0.18744682785303768,0.3,0.7210125293414488,-0.5921518030219378,-0.6724118787238107
125,2,0,0.2002698305270304,0.22263719357125414,0.22968846233562124,0.18449421744605732,0.18,0.6902737124561742,-0.5068919607849238,-0.590102104387974
225,2,3,0.19961345291205984,0.2421767770300419,0.2568839149086637,0.18875421546780413,0.25,0.7079823695820983,-0.5838899138694503,-0.656219326760104
250,7,2,0.19870312290064135,0.23643167630009754,0.25788735955282993,0.18200567107483145,0.19,0.7273291606123407,-0.5474994693988662,-0.6604952053880393
175,5,8,0.19827110332604414,0.24934986315014665,0.25341971854106715,0.1903782762973305,0.31,0.7152271455768782,-0.6017520578934153,-0.6581199915960028
250,2,3,0.19760749032217811,0.24613667393312771,0.252912938327956,0.18903781142650167,0.3,0.7177178729268807,-0.5885014083876534,-0.6674711034674017
250,8,7,0.19615225876321257,0.23956978680365945,0.24107933241879298,0.18683654459775934,0.23,0.7201653503668175,-0.5571940087572456,-0.6581199915960028
125,4,1,0.19587371029633138,0.22537713685776434,0.23186264426732017,0.18395293164762694,0.15,0.6937552508694012,-0.5256585766323202,-0.6165253771853123
250,8,4,0.19474965803724803,0.24004515005856267,0.2573572666389006,0.18195096000870192,0.29,0.7211608771544162,-0.5763101358985174,-0.6581199915960029
225,8,7,0.19469153125475824,0.2380776555001421,0.24395001958625895,0.18780249466277787,0.22,0.7105656061077009,-0.5674794239953765,-0.6724118787238107
200,7,6,0.1945636533385569,0.23957474079583915,0.2562301895050856,0.18679293832435007,0.26,0.7069635167573334,-0.5935478731731557,-0.6724118787238107
150,0,8,0.1925631744069643,0.2670167779216474,0.26290887175699806,0.1954394264394137,0.32,0.740741447528614,-0.6451331819294337,-0.7673769111815583
250,1,5,0.19208913950769518,0.24705604160597414,0.258484197500511,0.18384176074402525,0.3,0.7163406565886141,-0.6021708140084326,-0.6726884520758607
250,0,4,0.19198651708922554,0.2501696827292921,0.2516285096028712,0.1879926467278028,0.33,0.7193464017361711,-0.604606585649194,-0.6907102986057262
250,1,1,0.1899056147487777,0.2390440639322433,0.2466932633984975,0.18251623519293414,0.21,0.7190323429801049,-0.5773986550063906,-0.6718801147127207
250,1,2,0.18947259182368725,0.23661363399621924,0.2478648491161417,0.17652102924015045,0.24,0.7040089468847746,-0.5669564057552123,-0.6208708166726928
200,7,4,0.18933208446700106,0.23501881547399087,0.24458750158948894,0.18573974510104052,0.28,0.6965162895364522,-0.5874450123407974,-0.6724118787238107
125,5,0,0.1888553626473955,0.2002132943939184,0.20706940422070508,0.1713677769963502,0.1,0.6628583630620701,-0.46509255166469843,-0.5220426867140328
250,0,3,0.18773172136348143,0.24506991943660622,0.2602787250775964,0.1763827259065982,0.31,0.710326259942383,-0.5956789480479291,-0.6509318534991464
250,8,8,0.18555993808448928,0.23431850317125807,0.2384314254327642,0.1780898013412049,0.22,0.7109062705068034,-0.5586780386593919,-0.6581199915960028
250,7,6,0.18442585838301656,0.2354874208681269,0.2505043615615916,0.17505843385817643,0.29,0.7108871809247698,-0.5780673111341522,-0.6581199915960028
225,0,4,0.183554139442509,0.23746058920901156,0.2346305079337665,0.18176466386319245,0.28,0.6927484700710059,-0.6007803276802008,-0.6365744048155805
250,2,1,0.1833310797895763,0.23672854285641015,0.2488040859421108,0.17595241208512946,0.25,0.7125158123928338,-0.579300132462055,-0.6718801147127207
250,8,5,0.18319801860709206,0.2310927455875288,0.24950442401223571,0.17497381180836924,0.26,0.7023122904162088,-0.5789610473271342,-0.6581199915960028
200,7,7,0.1820579740064326,0.2327339562727416,0.2495121666123996,0.1785421646815959,0.23,0.6908197761903351,-0.5986486934362408,-0.6724118787238106
250,2,4,0.1817775593487843,0.2438368966590171,0.24753080104304614,0.18284338699490688,0.29,0.7091843936790799,-0.6109655829744384,-0.7112048954858248
175,6,8,0.18102009667426372,0.23980257926115464,0.24855215155251043,0.17648174685497553,0.26,0.6985630049861017,-0.599280481826968,-0.6642628580374242
225,2,4,0.18089362426752992,0.24036927484270554,0.237657883592439,0.17890361698255752,0.3,0.7055000409742738,-0.5900586782287373,-0.6682321386287464
225,8,8,0.17940348137499668,0.22997967088455065,0.23426927930565178,0.17786590242872125,0.22,0.6963610954353213,-0.571410307083533,-0.6759631959550438
125,0,8,0.17808354486866657,0.263390367779919,0.2614239297767078,0.1863492144111052,0.3,0.733967985915188,-0.6638758976716153,-0.788163761169076
125,3,0,0.17598596953599827,0.2077097930455317,0.20638658743391147,0.1667633351632205,0.13,0.6715937400144195,-0.49832151817475656,-0.5694158824927404
250,2,2,0.17555532258769657,0.23193672627656972,0.2379106447177033,0.16806641648414455,0.25,0.6973318689915149,-0.5648975227476414,-0.6377866633724838
100,3,3,0.17504275573993672,0.23695417092854718,0.24346081726609814,0.15674357814076645,0.29,0.6888131911381912,-0.5350246404587081,-0.5781420687997441
250,1,3,0.1746230842948993,0.2327805707890786,0.24195135830593673,0.16995975077787828,0.27,0.6920295989861223,-0.5916226652150948,-0.6438728998313523
250,3,2,0.1742975644093266,0.22623033991712643,0.24709808706834613,0.16236548224610114,0.2,0.6882420869914079,-0.5627044466894917,-0.6208708166726928
100,3,2,0.1731883382775787,0.21677322384057177,0.21911820093209045,0.16189667555539544,0.2,0.6678493151474815,-0.5305151753015823,-0.5516583177965697
125,3,1,0.17300136427635557,0.22013527408964026,0.21934857138565023,0.16172247793305794,0.18,0.6717793662901486,-0.5205155794184725,-0.5677359341467512
250,3,1,0.17004563668927988,0.23111502668896272,0.2477656474569372,0.1640002583228688,0.2,0.7036228861927011,-0.5814534805638416,-0.6718801147127207
250,8,2,0.16542721859828055,0.21873753435281176,0.2417294113662638,0.16186066475812932,0.16,0.6900561050166174,-0.5680578608550217,-0.6807628523676792
100,3,1,0.16241988619136213,0.1911366026655973,0.19806693926879326,0.15618928591661474,0.09,0.6385514673087326,-0.5028295816792148,-0.5383739605252307
250,8,6,0.15961391045245843,0.22173156619330858,0.23536071858418972,0.1587265190882452,0.22,0.6828552461223455,-0.5858773389203374,-0.6581199915960028
100,6,4,0.1588309513998569,0.2249044053255591,0.2348066944625007,0.14329386025260948,0.25,0.6682035239486681,-0.5233555956458923,-0.5729886235301421
250,1,4,0.15834549509619955,0.23027248194257294,0.23644021699821738,0.16358382721015174,0.27,0.6837626529261291,-0.6135199203070502,-0.6907102986057261
100,0,0,0.15743631045499412,0.18754922483281475,0.18908567822798972,0.15600243527351454,0.06,0.6286006689642953,-0.49322990037518905,-0.5584657767043775
125,4,0,0.15110600108863692,0.191682400534438,0.19623044401248468,0.15597574678590354,0.08,0.6510411105849113,-0.5162197023314193,-0.6368732566865883
150,6,0,0.14901956274541256,0.2048849974289105,0.21185815101788652,0.13660461341277097,0.14,0.6524780829364909,-0.4853393134503384,-0.5569293254449736
100,4,1,0.14382657457565748,0.18192886091753033,0.18530169719254896,0.1392416546073958,0.11,0.6201185965996074,-0.47494242293041206,-0.5288707102544962
100,5,3,0.1433250618707872,0.20035759136825082,0.21323677921509576,0.12570826764632326,0.15,0.6292951277851253,-0.4811049843249093,-0.4962709060464048
125,6,1,0.1420593299478793,0.19258715749108926,0.19390993135225942,0.1411558936698416,0.1,0.6258754639914555,-0.503441241582984,-0.5662212782461145
150,8,0,0.13884393867059483,0.19116350784687397,0.19816559189292526,0.14455456054955196,0.06,0.6527705578356455,-0.5159818944119104,-0.6537239633890337
100,4,3,0.13454619153752603,0.2044671711808448,0.21028523806913002,0.1292005705488244,0.2,0.6285556269534994,-0.5272514070466773,-0.5526849364617257
100,1,0,0.1280457801926338,0.18533483282552002,0.18534454874982687,0.13823779711553041,0.08,0.6305241108550474,-0.5242407235689034,-0.6259565102547144
150,7,0,0.12407565223696447,0.17790729452191845,0.1899046626045806,0.13102065617885295,0.07,0.5986167610286816,-0.5107206966368245,-0.6001449313936725
100,4,2,0.1226914934193006,0.17561144734100226,0.17626040765133522,0.13174955341589922,0.09,0.5905005516951566,-0.5226729430333827,-0.5526849364617257
125,7,1,0.11975139420335836,0.18231472915318697,0.18864203169003058,0.1339962130625587,0.08,0.6131225118685986,-0.5411389933174487,-0.6438265170210509
100,5,2,0.1157924850630969,0.16050704663599724,0.15960033837718113,0.12948038625587754,0.04,0.57053451765397,-0.5001407007500583,-0.5517389694710463
125,6,0,0.10968451535381234,0.15017901675102618,0.1516801197083797,0.12528262444848548,0.02,0.5570881862213708,-0.4836495347821519,-0.5521526171645748
100,2,0,0.10384833451394326,0.15797740468870594,0.1546237266606476,0.12183896277261907,0.05,0.571971502582855,-0.5073375650862375,-0.5698614498618237
100,5,1,0.10132015508032491,0.14829049471712,0.15655313797001136,0.11499543047469052,0.06,0.5554353439004924,-0.476119341183441,-0.5576938025389605
100,7,2,0.09462180532100993,0.15002211471767307,0.15353940054875204,0.12001967667642233,0.04,0.5500656848116493,-0.5229313896553667,-0.6039014957376355
100,7,1,0.09019677116055744,0.13623630171253853,0.14544960380440153,0.10844881599877731,0.01,0.5488172893954303,-0.47330658256553826,-0.5626799941353025
100,7,3,0.08190130823303786,0.16833038285314675,0.16837574317813608,0.10367437534139246,0.06,0.5721096984982398,-0.537933461790813,-0.6192133768566384
100,4,0,0.07335281898081254,0.13398823268373664,0.13427344753404125,0.09403512439018957,0.04,0.5112587691261674,-0.4646515582789087,-0.5282052658291582
125,8,1,0.06735481600922301,0.16006027366453435,0.16373124707171094,0.10367559397493298,0.07,0.5790965939083011,-0.5660666690262267,-0.7202644167032566
125,7,0,0.06091215688505591,0.13271596548970943,0.13660608802988028,0.09677747596466935,0.0,0.5344966397851454,-0.5267474992867854,-0.632274811584689
100,3,0,0.057229948993298606,0.1342656507031033,0.1279155876087681,0.09366189203914943,0.04,0.5154233678912129,-0.5300792795782219,-0.5882675459083007
100,6,3,0.056130456043211596,0.15062180781838855,0.15851558605190963,0.07301539982600724,0.09,0.5167467050246559,-0.5095047406019833,-0.5256456643069851
100,8,1,0.03512370799793481,0.09021120292254121,0.10123219536910821,0.0706050416943047,0.0,0.43526993715007634,-0.4596423793566554,-0.5057711152476521
100,6,2,0.0330903546952203,0.1134156290899167,0.12169992875868418,0.08118616947025958,0.02,0.4584738227153188,-0.5444096639563532,-0.6203953598304186
100,6,1,0.029793537693699336,0.11189857474173515,0.1229226909593859,0.07123885220775805,0.01,0.4724152293218232,-0.500086912927451,-0.6225104514429551
100,5,0,0.021076720160673232,0.09213171344733113,0.09270149814783979,0.06256290314186752,0.0,0.417636681479518,-0.4665885037616018,-0.5135202139990742
100,8,2,0.0032934660120544496,0.0907054118912977,0.09391683495634062,0.06255084795120913,0.0,0.41460787090533374,-0.5275482123159556,-0.6199111836838591
100,8,3,0.00216237990685611,0.12137409052822642,0.11428826912711343,0.05378920377998209,0.06,0.4615553699004422,-0.5424310785907077,-0.6346041822876614
125,8,0,0.0016046731078149523,0.10185642871141753,0.09898502612604854,0.06772392070934363,0.0,0.4694253312326928,-0.5599904380106163,-0.7111918068298713
100,6,0,-0.058713648481471994,0.04468722247563841,0.038853242888376105,0.02432598822129939,0.0,0.2934540444059612,-0.5076540266839802,-0.5919611206410229
100,7,0,-0.0646586054918413,0.04353308989847833,0.044275509154765746,0.013013119074435364,0.0,0.2833673351180009,-0.5009633261181192,-0.5572194044571044
100,8,0,-0.09404697233878191,0.029458362666452666,0.0330759294323415,-0.0035945363210601045,0.0,0.23000943861054832,-0.5107077011832319,-0.5914484226589736
